{
  "action": {
    "misuse": {
      "variety": [
        "Privilege abuse"
      ],
      "vector": [
        "LAN access"
      ]
    }
  },
  "actor": {
    "internal": {
      "motive": [
        "Unknown",
        "Financial"
      ],
      "variety": [
        "Manager"
      ]
    }
  },
  "asset": {
    "assets": [
      {
        "variety": "Unknown"
      }
    ]
  },
  "attribute": {
    "integrity": {
      "variety": [
        "Fraudulent transaction"
      ]
    }
  },
  "discovery_method": "Unknown",
  "impact": {
    "overall_rating": "Unknown"
  },
  "incident_id": "0000617D-276E-4AAE-9787-08D1C7EB1AFB",
  "plus": {
    "analysis_status": "Finalized",
    "analyst": "Spitler",
    "created": "2016-08-31T14:28:00Z",
    "dbir_year": 2017,
    "github": "8153",
    "master_id": "0000617D-276E-4AAE-9787-08D1C7EB1AFB",
    "modified": "2016-08-31T14:38:00Z",
    "sub_source": "PHIDBR",
    "timeline": {
      "notification": {
        "day": 25,
        "month": 7,
        "year": 2016
      }
    }
  },
  "reference": "http://www.kentucky.com/news/local/counties/fayette-county/article91763777.html",
  "schema_version": "1.3.1",
  "security_incident": "Confirmed",
  "source_id": "vcdb",
  "summary": "Pharmacy staff used customer PII to commit fraud by filing for assistance to pay for medication that was never delivered.",
  "timeline": {
    "compromise": {
      "unit": "NA"
    },
    "exfiltration": {
      "unit": "NA"
    },
    "incident": {
      "year": 2015
    }
  },
  "victim": {
    "country": [
      "US"
    ],
    "employee_count": "1 to 10",
    "industry": "446110",
    "region": [
      "019021"
    ],
    "state": "KY",
    "victim_id": "Bluegrass Pharmacy of Lexington LLC"
  }
}