{
  "action": {
    "error": {
      "variety": [
        "Misdelivery"
      ],
      "vector": [
        "Carelessness"
      ]
    }
  },
  "actor": {
    "internal": {
      "motive": [
        "NA"
      ],
      "variety": [
        "Unknown"
      ]
    }
  },
  "asset": {
    "assets": [
      {
        "variety": "M - Documents"
      }
    ]
  },
  "attribute": {
    "confidentiality": {
      "data": [
        {
          "variety": "Unknown"
        }
      ],
      "data_disclosure": "Yes",
      "data_total": 87
    }
  },
  "discovery_method": "Unknown",
  "incident_id": "00163384-B4D7-46D5-9E6F-543DFB00F598",
  "plus": {
    "analysis_status": "First pass",
    "analyst": "swidup",
    "created": "2014-07-30T19:04:07Z",
    "dbir_year": 2014,
    "master_id": "00163384-B4D7-46D5-9E6F-543DFB00F598",
    "modified": "2015-02-13T16:50:35Z"
  },
  "reference": "http://vcdb.org/pdf/va-security-feb-2014.pdf",
  "schema_version": "1.3.1",
  "security_incident": "Confirmed",
  "source_id": "vcdb",
  "summary": "Veteran A returned a hard copy written prescription order for Veteran B that he received along with his appointment letter. The prescription order contained Veteran B's name, address, date of birth and medication information.  This is informational for Mis-Handling incidents and is the representative ticket. There were a total of 87 Mis-Handling incidents this reporting period. Because of repetition, the other 86 are not included in this report, but are included in the \"Mis-Handling Incidents\" count at the end of this report. In all incidents, Veterans will receive a notification letter and/or credit monitoring will be offered if appropriate.",
  "timeline": {
    "incident": {
      "day": 3,
      "month": 2,
      "year": 2014
    }
  },
  "victim": {
    "country": [
      "US"
    ],
    "employee_count": "Over 100000",
    "industry": "923140",
    "region": [
      "019021"
    ],
    "state": "PA",
    "victim_id": "United States Department of Veterans Affairs"
  }
}