{
  "action": {
    "error": {
      "variety": [
        "Misdelivery"
      ],
      "vector": [
        "Unknown"
      ]
    }
  },
  "actor": {
    "partner": {
      "country": [
        "Unknown"
      ],
      "industry": "492210",
      "motive": [
        "Unknown",
        "NA"
      ],
      "notes": "CitySprint",
      "region": [
        "000000"
      ]
    }
  },
  "asset": {
    "assets": [
      {
        "variety": "M - Documents"
      }
    ]
  },
  "attribute": {
    "confidentiality": {
      "data": [
        {
          "variety": "Medical"
        },
        {
          "variety": "Personal"
        }
      ],
      "data_disclosure": "Yes",
      "data_victim": [
        "Partner"
      ],
      "state": [
        "Unknown"
      ]
    }
  },
  "discovery_method": "Ext - customer",
  "impact": {
    "overall_rating": "Unknown"
  },
  "incident_id": "00204495-81A8-4D51-B4FE-896AA0F89DA2",
  "plus": {
    "analysis_status": "Finalized",
    "analyst": "Robert-Topper",
    "attribute": {
      "confidentiality": {
        "credit_monitoring": "U"
      }
    },
    "created": "2016-10-26T13:34:00Z",
    "dbir_year": 2017,
    "github": "7854",
    "master_id": "00204495-81A8-4D51-B4FE-896AA0F89DA2",
    "modified": "2016-10-26T13:42:00Z",
    "sub_source": "PHIDBR",
    "timeline": {
      "notification": {
        "day": 26,
        "month": 5,
        "year": 2016
      }
    }
  },
  "reference": "http://www.databreaches.net/uk-data-watchdog-probe-as-patient-records-go-missing-in-transit/; http://www.dailymail.co.uk/wires/pa/article-3610456/Data-watchdog-probe-patient-records-missing-transit.html",
  "schema_version": "1.3.1",
  "security_incident": "Confirmed",
  "source_id": "vcdb",
  "summary": "outsourced courier company delivers wrong PHI",
  "timeline": {
    "incident": {
      "day": 26,
      "month": 5,
      "year": 2016
    }
  },
  "victim": {
    "country": [
      "GB"
    ],
    "employee_count": "1001 to 10000",
    "industry": "622110",
    "region": [
      "150154"
    ],
    "victim_id": "NHS England"
  }
}