{
  "action": {
    "error": {
      "variety": [
        "Misdelivery"
      ],
      "vector": [
        "Carelessness"
      ]
    }
  },
  "actor": {
    "internal": {
      "motive": [
        "NA"
      ],
      "variety": [
        "Unknown"
      ]
    }
  },
  "asset": {
    "assets": [
      {
        "variety": "M - Documents"
      }
    ]
  },
  "attribute": {
    "confidentiality": {
      "data": [
        {
          "variety": "Unknown"
        }
      ],
      "data_disclosure": "Unknown",
      "data_total": 1
    }
  },
  "discovery_method": "Unknown",
  "incident_id": "0036051E-171D-4F39-9EED-55C526B24E63",
  "plus": {
    "analysis_status": "First pass",
    "analyst": "swidup",
    "created": "2014-07-30T19:04:07Z",
    "dbir_year": 2014,
    "master_id": "0036051E-171D-4F39-9EED-55C526B24E63",
    "modified": "2015-02-13T16:50:35Z"
  },
  "reference": "http://vcdb.org/pdf/va-security.pdf",
  "schema_version": "1.3.1",
  "security_incident": "Confirmed",
  "source_id": "vcdb",
  "summary": "Veteran A received information on Veteran B in the mail from the Release of Information (ROI) Department. Veteran A returned the information to the Community Based Outpatient Clinic (CBOC), so that it could be returned to the correct Veteran. The information contained Veteran B's name, address, full SSN and diagnosis.",
  "timeline": {
    "incident": {
      "day": 1,
      "month": 10,
      "year": 2012
    }
  },
  "victim": {
    "country": [
      "US"
    ],
    "employee_count": "Over 100000",
    "industry": "923140",
    "region": [
      "019021"
    ],
    "state": "NH",
    "victim_id": "United States Department of Veterans Affairs"
  }
}