{
  "action": {
    "misuse": {
      "variety": [
        "Data mishandling"
      ],
      "vector": [
        "LAN access"
      ]
    }
  },
  "actor": {
    "internal": {
      "motive": [
        "Ideology"
      ],
      "variety": [
        "Unknown"
      ]
    }
  },
  "asset": {
    "assets": [
      {
        "variety": "U - Desktop"
      }
    ]
  },
  "attribute": {
    "confidentiality": {
      "data": [
        {
          "variety": "Internal"
        }
      ],
      "data_disclosure": "Yes",
      "data_victim": [
        "Customer"
      ],
      "state": [
        "Unknown"
      ]
    }
  },
  "discovery_method": "Ext - unknown",
  "impact": {
    "overall_rating": "Unknown"
  },
  "incident_id": "003F5B6A-CA75-4694-AA76-FE9498FF0C3E",
  "plus": {
    "analysis_status": "First pass",
    "analyst": "blackfist",
    "attribute": {
      "confidentiality": {
        "credit_monitoring": "U"
      }
    },
    "created": "2014-09-09T13:21:00Z",
    "github": "3935",
    "master_id": "003F5B6A-CA75-4694-AA76-FE9498FF0C3E",
    "modified": "2014-09-09T13:21:00Z",
    "timeline": {
      "notification": {
        "year": 2014
      }
    }
  },
  "reference": "http://legalinsurrection.com/2014/06/irs-admits-leaking-personal-information-in-prop-8-debate/",
  "schema_version": "1.3.1",
  "security_incident": "Confirmed",
  "source_id": "vcdb",
  "summary": "IRS employee leaks confidential information from a political group's tax returns.",
  "timeline": {
    "incident": {
      "month": 2,
      "year": 2012
    }
  },
  "victim": {
    "country": [
      "US"
    ],
    "employee_count": "50001 to 100000",
    "industry": "921130",
    "region": [
      "019021"
    ],
    "victim_id": "Internal Revenue Service"
  }
}