{
  "action": {
    "error": {
      "variety": [
        "Omission"
      ],
      "vector": [
        "Unknown"
      ]
    }
  },
  "actor": {
    "internal": {
      "motive": [
        "NA"
      ],
      "variety": [
        "Unknown",
        "End-user"
      ]
    }
  },
  "asset": {
    "assets": [
      {
        "variety": "M - Disk media"
      }
    ]
  },
  "attribute": {
    "confidentiality": {
      "data": [
        {
          "amount": 30,
          "variety": "Personal"
        }
      ],
      "data_disclosure": "Yes",
      "data_total": 30,
      "data_victim": [
        "Customer"
      ],
      "state": [
        "Transmitted"
      ]
    }
  },
  "discovery_method": "Ext - customer",
  "impact": {
    "overall_rating": "Unknown"
  },
  "incident_id": "00514A10-BEA4-440B-8B18-EAE02531A475",
  "plus": {
    "analysis_status": "Finalized",
    "analyst": "Robert-Topper",
    "attribute": {
      "confidentiality": {
        "credit_monitoring": "U"
      }
    },
    "created": "2016-09-16T12:55:00Z",
    "dbir_year": 2016,
    "github": "7849",
    "master_id": "00514A10-BEA4-440B-8B18-EAE02531A475",
    "modified": "2016-09-16T13:05:00Z",
    "sub_source": "VCDB",
    "timeline": {
      "notification": {
        "day": 20,
        "month": 8,
        "year": 2015
      }
    }
  },
  "reference": "http://www.databreaches.net/oops-ohio-agency-failed-to-redact-personal-info-in-public-records-request/; http://www.13abc.com/home/headlines/Major-personal-information-release-by-state-of-Ohio-322449662.html",
  "schema_version": "1.3.1",
  "security_incident": "Confirmed",
  "source_id": "vcdb",
  "summary": "gov't releases private data instead of tiger data",
  "timeline": {
    "incident": {
      "month": 5,
      "year": 2015
    }
  },
  "victim": {
    "country": [
      "US"
    ],
    "employee_count": "Small",
    "industry": "921110",
    "locations_affected": 1,
    "region": [
      "019021"
    ],
    "state": "OH",
    "victim_id": "Depatment of Agriculture"
  }
}