{
  "action": {
    "error": {
      "variety": [
        "Misdelivery"
      ],
      "vector": [
        "Unknown"
      ]
    }
  },
  "actor": {
    "internal": {
      "motive": [
        "NA"
      ],
      "variety": [
        "Unknown"
      ]
    }
  },
  "asset": {
    "assets": [
      {
        "variety": "U - Desktop"
      }
    ]
  },
  "attribute": {
    "confidentiality": {
      "data": [
        {
          "variety": "Personal"
        }
      ],
      "data_disclosure": "Yes",
      "data_victim": [
        "Employee"
      ],
      "state": [
        "Unknown"
      ]
    }
  },
  "discovery_method": "Unknown",
  "impact": {
    "overall_rating": "Unknown"
  },
  "incident_id": "005E7AB2-7DB5-4041-BD7D-7AB4583EAAB6",
  "plus": {
    "analysis_status": "Finalized",
    "analyst": "Spitler",
    "attribute": {
      "confidentiality": {
        "credit_monitoring": "U"
      }
    },
    "created": "2016-06-28T17:11:00Z",
    "dbir_year": 2017,
    "github": "7754",
    "master_id": "005E7AB2-7DB5-4041-BD7D-7AB4583EAAB6",
    "modified": "2016-06-28T17:26:00Z",
    "sub_source": "VCDB",
    "timeline": {
      "notification": {
        "day": 21,
        "month": 4,
        "year": 2016
      }
    }
  },
  "reference": "https://oag.ca.gov/system/files/BerkeleyUSD-NotificationBANG-sample_0.pdf?",
  "schema_version": "1.3.1",
  "security_incident": "Confirmed",
  "source_id": "vcdb",
  "summary": "In response to a California Public Records Act request, Berkeley Public Schools responded with extraneous PII. ",
  "timeline": {
    "compromise": {
      "unit": "NA"
    },
    "exfiltration": {
      "unit": "NA"
    },
    "incident": {
      "year": 2016
    }
  },
  "victim": {
    "country": [
      "US"
    ],
    "employee_count": "Large",
    "industry": "611110",
    "region": [
      "019021"
    ],
    "state": "CA",
    "victim_id": "Berkeley Unified School District"
  }
}