{
  "action": {
    "error": {
      "variety": [
        "Misdelivery"
      ],
      "vector": [
        "Unknown"
      ]
    }
  },
  "actor": {
    "partner": {
      "country": [
        "Unknown"
      ],
      "industry": "000",
      "motive": [
        "Unknown",
        "NA"
      ],
      "notes": "unknown survey company",
      "region": [
        "000000"
      ]
    }
  },
  "asset": {
    "assets": [
      {
        "variety": "S - Mail"
      }
    ],
    "governance": [
      "Unknown"
    ]
  },
  "attribute": {
    "confidentiality": {
      "data": [
        {
          "amount": 2199,
          "variety": "Other"
        }
      ],
      "data_disclosure": "Yes",
      "data_total": 2199,
      "data_victim": [
        "Patient"
      ],
      "notes": "It is known that 2,199 emails had the wrong name in the to or about field. However, there appears to be no medical data that was disclosed. ",
      "state": [
        "Unknown"
      ]
    }
  },
  "discovery_method": "Unknown",
  "impact": {
    "overall_rating": "Unknown"
  },
  "incident_id": "00760E12-352A-4515-9063-726A80DF8988",
  "plus": {
    "analysis_status": "Finalized",
    "analyst": "DaveyBaby",
    "attribute": {
      "confidentiality": {
        "credit_monitoring": "U"
      }
    },
    "created": "2016-10-31T18:31:00Z",
    "dbir_year": 2017,
    "github": "7799",
    "master_id": "00760E12-352A-4515-9063-726A80DF8988",
    "modified": "2016-10-31T18:38:00Z",
    "sub_source": "PHIDBR",
    "timeline": {
      "notification": {
        "day": 25,
        "month": 4,
        "year": 2016
      }
    }
  },
  "reference": "http://www.databreaches.net/comanche-county-memorial-hospital-notifies-2199-patients-after-contractors-email-gaffe/",
  "schema_version": "1.3.1",
  "security_incident": "Confirmed",
  "source_id": "vcdb",
  "summary": "On February 26, 2016, the company contracted to provide patient satisfaction surveys for the MMG determined that an e-mail survey sent to numerous patients included incorrect information. The surveys were sent to the e-mail addresses of patients who visited MMG physicians from December 1 through December 31, 2015. The subject line of the e-mail stated the name of an individual that did not match the name of the individual to whom the e-mail was addressed. Within the body of the survey, the individual who received the e-mail was asked about their experience with a physician they had visited in recent weeks, but indicated that the physician worked in a different practice from the practice where the physician actually works.",
  "timeline": {
    "incident": {
      "day": 26,
      "month": 2,
      "year": 2016
    }
  },
  "victim": {
    "country": [
      "US"
    ],
    "employee_count": "Unknown",
    "industry": "622111",
    "region": [
      "019021"
    ],
    "state": "OK",
    "victim_id": "Commanche County Memorial Hospital"
  }
}