{
  "action": {
    "hacking": {
      "variety": [
        "Path traversal"
      ],
      "vector": [
        "Web application"
      ]
    }
  },
  "actor": {
    "external": {
      "country": [
        "Unknown"
      ],
      "motive": [
        "Fun",
        "Unknown"
      ],
      "region": [
        "000000"
      ],
      "variety": [
        "Unknown",
        "Unaffiliated"
      ]
    }
  },
  "asset": {
    "assets": [
      {
        "variety": "S - Web application"
      }
    ]
  },
  "attribute": {
    "confidentiality": {
      "data": [
        {
          "variety": "Medical"
        }
      ],
      "data_disclosure": "Yes",
      "data_victim": [
        "Patient"
      ],
      "state": [
        "Stored unencrypted"
      ]
    }
  },
  "discovery_method": "Ext - actor disclosure",
  "impact": {
    "overall_rating": "Unknown"
  },
  "incident_id": "008639D4-0040-4CD2-B8D0-B36A70CFA271",
  "plus": {
    "analysis_status": "Finalized",
    "analyst": "Spitler",
    "attribute": {
      "confidentiality": {
        "credit_monitoring": "U"
      }
    },
    "created": "2016-08-02T14:15:00Z",
    "dbir_year": 2017,
    "github": "7485",
    "master_id": "008639D4-0040-4CD2-B8D0-B36A70CFA271",
    "modified": "2016-08-02T14:24:00Z",
    "sub_source": "PHIDBR",
    "timeline": {
      "notification": {
        "day": 28,
        "month": 3,
        "year": 2016
      }
    }
  },
  "reference": "http://www.csoonline.com/article/3048784/internet/thailands-immigration-system-suffers-data-breach.html",
  "schema_version": "1.3.1",
  "security_incident": "Confirmed",
  "source_id": "vcdb",
  "summary": "Poorly configured application allows medical records to be viewed without authentication.",
  "timeline": {
    "incident": {
      "month": 3,
      "year": 2016
    }
  },
  "victim": {
    "country": [
      "TH"
    ],
    "employee_count": "Large",
    "industry": "923120",
    "region": [
      "142035"
    ],
    "victim_id": "Ministry of Public Health"
  }
}