{
  "action": {
    "misuse": {
      "variety": [
        "Data mishandling", 
        "Privilege abuse"
      ], 
      "vector": [
        "LAN access"
      ]
    }
  }, 
  "actor": {
    "internal": {
      "motive": [
        "Convenience", 
        "Grudge"
      ], 
      "variety": [
        "Unknown", 
        "End-user"
      ]
    }
  }, 
  "asset": {
    "assets": [
      {
        "variety": "S - Database"
      }
    ]
  }, 
  "attribute": {
    "confidentiality": {
      "data": [
        {
          "amount": 1, 
          "variety": "Credentials"
        }, 
        {
          "amount": 1, 
          "variety": "Medical"
        }
      ], 
      "data_disclosure": "Yes", 
      "data_total": 2, 
      "state": [
        "Stored"
      ]
    }
  }, 
  "discovery_method": "Ext - actor disclosure", 
  "impact": {
    "overall_rating": "Unknown"
  }, 
  "incident_id": "0096AAD4-5527-4C3B-8F14-7AA72CD270D5", 
  "plus": {
    "analysis_status": "Finalized", 
    "analyst": "Spitler", 
    "attribute": {
      "confidentiality": {
        "credit_monitoring": "U"
      }
    }, 
    "created": "2016-09-06T22:55:00Z", 
    "dbir_year": 2016, 
    "github": "6376", 
    "master_id": "0096AAD4-5527-4C3B-8F14-7AA72CD270D5", 
    "modified": "2016-09-06T22:55:00Z", 
    "sub_source": "PHIDBR", 
    "timeline": {
      "notification": {
        "day": 22, 
        "month": 8, 
        "year": 2015
      }
    }
  }, 
  "reference": "http://asianjournal.com/consumer/ex-lovers-quarrel-lead-to-disclosure-of-private-medical-information/; http://mynewsla.com/crime/2015/08/26/woman-suing-over-shared-medical-records-not-the-same-person-she-was-before/;  http://www.databreaches.net/small-breach-big-impact-redux/", 
  "schema_version": "1.3", 
  "security_incident": "Confirmed", 
  "source_id": "vcdb", 
  "summary": "Doctor shares password with medical assistant, against policy. Assistant misuses access to look up medical record of her boyfriend's ex-girlfriend.", 
  "timeline": {
    "incident": {
      "year": 2015
    }
  }, 
  "victim": {
    "country": [
      "US"
    ], 
    "employee_count": "10001 to 25000", 
    "industry": "622110", 
    "region": [
      "019021"
    ], 
    "state": "CA", 
    "victim_id": "UCLA Medical Center"
  }
}