{
  "action": {
    "error": {
      "variety": [
        "Misdelivery"
      ],
      "vector": [
        "Carelessness"
      ]
    }
  },
  "actor": {
    "internal": {
      "motive": [
        "NA"
      ],
      "variety": [
        "Unknown"
      ]
    }
  },
  "asset": {
    "assets": [
      {
        "variety": "S - Mail"
      }
    ]
  },
  "attribute": {
    "confidentiality": {
      "data": [
        {
          "variety": "Unknown"
        }
      ],
      "data_disclosure": "Yes",
      "data_total": 1
    }
  },
  "discovery_method": "Unknown",
  "incident_id": "00D1A6FE-C334-4305-936E-86AC47128473",
  "plus": {
    "analysis_status": "First pass",
    "analyst": "swidup",
    "created": "2014-05-29T20:01:01Z",
    "master_id": "00D1A6FE-C334-4305-936E-86AC47128473",
    "modified": "2014-07-30T19:07:17Z"
  },
  "reference": "http://vcdb.org/pdf/va-security.pdf",
  "schema_version": "1.3.1",
  "security_incident": "Confirmed",
  "source_id": "vcdb",
  "summary": "User sent email with personnel action out unencrypted. One of the recipients was chosen incorrectly from the global address list and the mail was sent instead to an individual working with the Navy Department on detachment to the VA at an outside facility. The mail was recalled and all other recipients were within the VISN 16 encrypted connections.",
  "timeline": {
    "incident": {
      "day": 30,
      "month": 3,
      "year": 2012
    }
  },
  "victim": {
    "country": [
      "US"
    ],
    "employee_count": "Over 100000",
    "industry": "923140",
    "region": [
      "019021"
    ],
    "state": "MS",
    "victim_id": "United States Department of Veterans Affairs"
  }
}