{
  "action": {
    "misuse": {
      "variety": [
        "Privilege abuse"
      ],
      "vector": [
        "Remote access"
      ]
    }
  },
  "actor": {
    "external": {
      "country": [
        "Unknown",
        "US"
      ],
      "motive": [
        "Financial"
      ],
      "region": [
        "000000",
        "019021"
      ],
      "variety": [
        "Unknown",
        "Former employee"
      ]
    },
    "internal": {
      "job_change": [
        "Hired"
      ],
      "motive": [
        "Unknown"
      ],
      "variety": [
        "Unknown"
      ]
    }
  },
  "asset": {
    "assets": [
      {
        "variety": "S - Database"
      }
    ]
  },
  "attribute": {
    "confidentiality": {
      "data": [
        {
          "amount": 2582,
          "variety": "Personal"
        }
      ],
      "data_disclosure": "Yes",
      "data_total": 2582,
      "data_victim": [
        "Patient"
      ],
      "state": [
        "Stored"
      ]
    }
  },
  "discovery_method": "Unknown",
  "impact": {
    "overall_rating": "Unknown"
  },
  "incident_id": "00D61A42-0F72-467C-994E-48348F080945",
  "plus": {
    "analysis_status": "Finalized",
    "analyst": "DaveyBaby",
    "attribute": {
      "confidentiality": {
        "credit_monitoring": "Y",
        "credit_monitoring_years": 1
      }
    },
    "created": "2016-09-07T00:56:00Z",
    "dbir_year": 2016,
    "github": "6913",
    "master_id": "00D61A42-0F72-467C-994E-48348F080945",
    "modified": "2016-09-07T01:09:00Z",
    "sub_source": "PHIDBR",
    "timeline": {
      "notification": {
        "day": 11,
        "month": 9,
        "year": 2015
      }
    }
  },
  "reference": "http://oag.ca.gov/system/files/B3245_V3_PMID_SMF_0.PDF",
  "schema_version": "1.3.1",
  "security_incident": "Confirmed",
  "source_id": "vcdb",
  "summary": "A former employee reportedly emailed patient information to a personal account without authorization, leading to a Sutter Health data breach.",
  "timeline": {
    "incident": {
      "day": 26,
      "month": 4,
      "year": 2013
    }
  },
  "victim": {
    "country": [
      "US"
    ],
    "employee_count": "Small",
    "industry": "541219",
    "region": [
      "019021"
    ],
    "state": "CA",
    "victim_id": "Sutter Physician Services"
  }
}