{
  "action": {
    "malware": {
      "variety": [
        "Backdoor"
      ], 
      "vector": [
        "Email attachment"
      ]
    }, 
    "social": {
      "target": [
        "Unknown"
      ], 
      "variety": [
        "Phishing"
      ], 
      "vector": [
        "Email"
      ]
    }
  }, 
  "actor": {
    "external": {
      "country": [
        "Unknown"
      ], 
      "motive": [
        "Financial"
      ], 
      "region": [
        "000000"
      ], 
      "variety": [
        "Unknown"
      ]
    }
  }, 
  "asset": {
    "assets": [
      {
        "variety": "S - Database"
      }, 
      {
        "variety": "P - Other"
      }
    ]
  }, 
  "attribute": {
    "confidentiality": {
      "data": [
        {
          "variety": "Medical"
        }
      ], 
      "data_disclosure": "Yes", 
      "data_victim": [
        "Patient"
      ], 
      "state": [
        "Unknown"
      ]
    }, 
    "integrity": {
      "variety": [
        "Software installation", 
        "Alter behavior"
      ]
    }
  }, 
  "discovery_method": "Unknown", 
  "impact": {
    "overall_rating": "Unknown"
  }, 
  "incident_id": "00DEF8AE-1780-4DAB-A5D6-C43F01810BF2", 
  "plus": {
    "analysis_status": "Finalized", 
    "analyst": "DaveyBaby", 
    "attribute": {
      "confidentiality": {
        "credit_monitoring": "U"
      }
    }, 
    "created": "2016-09-08T00:06:00Z", 
    "dbir_year": 2016, 
    "github": "5744", 
    "master_id": "00DEF8AE-1780-4DAB-A5D6-C43F01810BF2", 
    "modified": "2016-09-08T00:06:00Z", 
    "sub_source": "PHIDBR", 
    "timeline": {
      "notification": {
        "day": 30, 
        "month": 4, 
        "year": 2015
      }
    }
  }, 
  "reference": "http://www.wcvb.com/health/patient-information-may-have-been-accessed-in-health-care-data-breach/32667428 ; http://abcnews.go.com/Technology/wireStory/partners-healthcare-notifies-3300-patients-email-breach-30716877", 
  "schema_version": "1.3", 
  "security_incident": "Confirmed", 
  "source_id": "vcdb", 
  "summary": "Employees of Partners Healthcare System received phishing emails which led to a data breach of patient information. The information was accessed but it is not known if any of the data was misused.", 
  "timeline": {
    "incident": {
      "month": 11, 
      "year": 2014
    }
  }, 
  "victim": {
    "country": [
      "US"
    ], 
    "employee_count": "Unknown", 
    "industry": "621491", 
    "region": [
      "019021"
    ], 
    "state": "MA", 
    "victim_id": "Partners Healthcare System"
  }
}