{
  "action": {
    "misuse": {
      "variety": [
        "Privilege abuse"
      ],
      "vector": [
        "LAN access"
      ]
    }
  },
  "actor": {
    "internal": {
      "motive": [
        "Unknown"
      ],
      "variety": [
        "Unknown"
      ]
    }
  },
  "asset": {
    "assets": [
      {
        "variety": "U - Desktop"
      }
    ]
  },
  "attribute": {
    "confidentiality": {
      "data": [
        {
          "variety": "Unknown"
        }
      ],
      "data_disclosure": "Yes",
      "data_total": 2
    }
  },
  "discovery_method": "Unknown",
  "incident_id": "010DF8F5-3FAC-4C67-B220-A814CCE64D2F",
  "plus": {
    "analysis_status": "First pass",
    "analyst": "swidup",
    "created": "2014-02-21T04:07:15Z",
    "master_id": "010DF8F5-3FAC-4C67-B220-A814CCE64D2F",
    "modified": "2014-07-30T19:07:17Z"
  },
  "reference": "http://vcdb.org/pdf/va-security.pdf",
  "schema_version": "1.3.1",
  "security_incident": "Confirmed",
  "source_id": "vcdb",
  "summary": "Employee A is in dispute about a work performance issue with his supervisors. He emailed patient information to an unauthorized union representative when sending information to his supervisors. The information was not de-identified. This has been going on for a period of time without the supervisors' knowledge. This incident involved 2 patients but since this has happened before and we were unaware, it is unknown how many patients were involved in the past.",
  "timeline": {
    "incident": {
      "day": 13,
      "month": 5,
      "year": 2010
    }
  },
  "victim": {
    "country": [
      "US"
    ],
    "employee_count": "Over 100000",
    "industry": "923140",
    "region": [
      "019021"
    ],
    "state": "AZ",
    "victim_id": "United States Department of Veterans Affairs"
  }
}