{
  "action": {
    "hacking": {
      "variety": [
        "Unknown"
      ],
      "vector": [
        "Web application"
      ]
    },
    "malware": {
      "variety": [
        "Capture app data"
      ],
      "vector": [
        "Direct install"
      ]
    }
  },
  "actor": {
    "external": {
      "country": [
        "Unknown"
      ],
      "motive": [
        "Financial"
      ],
      "region": [
        "000000"
      ],
      "variety": [
        "Unknown"
      ]
    }
  },
  "asset": {
    "assets": [
      {
        "variety": "S - Web application"
      }
    ],
    "governance": [
      "Unknown"
    ]
  },
  "attribute": {
    "confidentiality": {
      "data": [
        {
          "variety": "Payment"
        }
      ],
      "data_disclosure": "Potentially",
      "data_victim": [
        "Customer"
      ],
      "state": [
        "Unknown"
      ]
    },
    "integrity": {
      "variety": [
        "Software installation"
      ]
    }
  },
  "discovery_method": "Ext - unknown",
  "discovery_notes": "Ext - Unrelated third party.  Discovered by security researcher who made the notifications.",
  "impact": {
    "overall_rating": "Unknown"
  },
  "incident_id": "0111582F-9215-409B-A49D-99038D54A6F4",
  "plus": {
    "analysis_status": "Finalized",
    "analyst": "swidup",
    "attribute": {
      "confidentiality": {
        "credit_monitoring": "U",
        "data_misuse": "Y"
      }
    },
    "created": "2016-10-25T01:05:00Z",
    "dbir_year": 2017,
    "github": "8631",
    "master_id": "0111582F-9215-409B-A49D-99038D54A6F4",
    "modified": "2016-10-25T01:10:00Z",
    "sub_source": "gwillem",
    "timeline": {
      "notification": {
        "year": 2016
      }
    }
  },
  "reference": "http://www.pcworld.com/article/3131040/security/thousands-of-online-shops-compromised-for-credit-card-theft.html;  https://gwillem.github.io/2016/10/11/5900-online-stores-found-skimming/; https://gitlab.com/gwillem/public-snippets/snippets/28813",
  "schema_version": "1.3.1",
  "security_incident": "Confirmed",
  "source_id": "vcdb",
  "summary": "Online skimmers are installed on vulnerable storefronts to compromise credit card data. This was found by researcher G. Willem and published in a blog post as well as numerous news articles.  This one GitHub issue is expanded to one incident per storefront listed in his dataset.",
  "timeline": {
    "incident": {
      "year": 2016
    }
  },
  "victim": {
    "country": [
      "Unknown"
    ],
    "employee_count": "Unknown",
    "industry": "44",
    "region": [
      "000000"
    ],
    "victim_id": "snowpawstore.com"
  }
}