{
  "action": {
    "error": {
      "notes": "This error caused incorrect information to be printed on the letters that accompanied the refund checks sent to customers.",
      "variety": [
        "Misdelivery"
      ],
      "vector": [
        "Unknown"
      ]
    }
  },
  "actor": {
    "partner": {
      "country": [
        "Unknown"
      ],
      "industry": "5412",
      "motive": [
        "Unknown",
        "NA"
      ],
      "region": [
        "000000"
      ]
    }
  },
  "asset": {
    "assets": [
      {
        "variety": "M - Documents"
      }
    ]
  },
  "attribute": {
    "confidentiality": {
      "data": [
        {
          "amount": 27393,
          "variety": "Personal"
        }
      ],
      "data_disclosure": "Yes",
      "data_total": 27393,
      "data_victim": [
        "Customer"
      ],
      "state": [
        "Unknown"
      ]
    }
  },
  "discovery_method": "Ext - customer",
  "impact": {
    "overall_rating": "Unknown"
  },
  "incident_id": "01162181-5C7C-44DC-82E4-65B245F4045E",
  "plus": {
    "analysis_status": "Finalized",
    "analyst": "Robert-Topper",
    "attribute": {
      "confidentiality": {
        "credit_monitoring": "U"
      }
    },
    "created": "2016-09-19T17:27:00Z",
    "dbir_year": 2017,
    "github": "7927",
    "master_id": "01162181-5C7C-44DC-82E4-65B245F4045E",
    "modified": "2016-11-11T14:04:00Z",
    "sub_source": "PHIDBR",
    "timeline": {
      "notification": {
        "day": 8,
        "month": 6,
        "year": 2016
      }
    }
  },
  "reference": "https://www.databreaches.net/wal-mart-vendor-error-exposed-limited-patient-information/",
  "schema_version": "1.3.1",
  "security_incident": "Confirmed",
  "source_id": "vcdb",
  "summary": "PII sent out via mail error",
  "timeline": {
    "discovery": {
      "unit": "Days",
      "value": 5.0
    },
    "incident": {
      "day": 13,
      "month": 5,
      "year": 2016
    }
  },
  "victim": {
    "country": [
      "US"
    ],
    "employee_count": "Over 100000",
    "industry": "452111",
    "region": [
      "019021"
    ],
    "state": "AR",
    "victim_id": "Walmart"
  }
}