{
  "action": {
    "physical": {
      "variety": [
        "Theft"
      ],
      "vector": [
        "Unknown"
      ]
    }
  },
  "actor": {
    "external": {
      "country": [
        "Unknown"
      ],
      "motive": [
        "Financial"
      ],
      "region": [
        "000000"
      ],
      "variety": [
        "Unknown"
      ]
    }
  },
  "asset": {
    "assets": [
      {
        "variety": "U - Laptop"
      }
    ]
  },
  "attribute": {
    "availability": {
      "variety": [
        "Loss"
      ]
    },
    "confidentiality": {
      "data": [
        {
          "amount": 535,
          "variety": "Medical"
        }
      ],
      "data_disclosure": "Potentially",
      "data_total": 535,
      "data_victim": [
        "Patient"
      ],
      "state": [
        "Stored unencrypted"
      ]
    }
  },
  "discovery_method": "Unknown",
  "impact": {
    "overall_rating": "Unknown"
  },
  "incident_id": "011B835F-8DC0-4EAC-BA14-52156C75A1F4",
  "plus": {
    "analysis_status": "First pass",
    "analyst": "swidup",
    "attribute": {
      "confidentiality": {
        "credit_monitoring": "U"
      }
    },
    "created": "2015-07-17T23:49:29Z",
    "master_id": "011B835F-8DC0-4EAC-BA14-52156C75A1F4",
    "modified": "2015-07-17T23:49:29Z",
    "timeline": {
      "notification": {
        "year": 2010
      }
    }
  },
  "reference": "https://ocrportal.hhs.gov/ocr/breach/breach_report.jsf",
  "schema_version": "1.3.1",
  "security_incident": "Confirmed",
  "source_id": "vcdb",
  "summary": "Theft of laptop exposes 535 records",
  "timeline": {
    "incident": {
      "day": 12,
      "month": 11,
      "year": 2010
    }
  },
  "victim": {
    "country": [
      "US"
    ],
    "employee_count": "11 to 100",
    "industry": "621610",
    "region": [
      "019021"
    ],
    "state": "NY",
    "victim_id": "Visiting Nurse Service Association of Schenectady County"
  }
}