{
  "action": {
    "hacking": {
      "variety": [
        "Use of stolen creds"
      ],
      "vector": [
        "Unknown"
      ]
    },
    "malware": {
      "cve": "CVE-2010-0249",
      "name": "Aurora;Hydraq",
      "variety": [
        "C2",
        "Backdoor",
        "Scan network"
      ],
      "vector": [
        "Web drive-by"
      ]
    },
    "social": {
      "target": [
        "Executive",
        "System admin"
      ],
      "variety": [
        "Phishing"
      ],
      "vector": [
        "SMS",
        "Email"
      ]
    }
  },
  "actor": {
    "external": {
      "country": [
        "CN"
      ],
      "motive": [
        "Espionage"
      ],
      "name": [
        "6A323CB8-6DC7-433C-A0F7-3D4850194425"
      ],
      "region": [
        "142030"
      ],
      "variety": [
        "State-affiliated"
      ]
    }
  },
  "asset": {
    "assets": [
      {
        "variety": "S - Web application"
      },
      {
        "variety": "U - Desktop"
      },
      {
        "variety": "P - Executive"
      },
      {
        "variety": "P - System admin"
      }
    ]
  },
  "attribute": {
    "confidentiality": {
      "data": [
        {
          "variety": "Credentials"
        },
        {
          "variety": "Secrets"
        }
      ],
      "data_disclosure": "Yes",
      "data_victim": [
        "Customer"
      ]
    },
    "integrity": {
      "variety": [
        "Software installation",
        "Alter behavior"
      ]
    }
  },
  "campaign_id": "D9A0A1DC-6201-48A2-B270-E7C6EF530D13",
  "discovery_method": "Ext - law enforcement",
  "incident_id": "011E42B7-DF7F-4D2E-BB85-24A0DD159C64",
  "notes": "Operation Aurora",
  "plus": {
    "analyst": "blackfist",
    "created": "2014-07-12T19:19:29Z",
    "github": "1066",
    "master_id": "011E42B7-DF7F-4D2E-BB85-24A0DD159C64"
  },
  "reference": "http://en.wikipedia.org/wiki/Operation_Aurora;http://www.darkreading.com/attacks-breaches/attackers-employed-ie-zero-day-against-google-others/d/d-id/1132775?;http://www.washingtontimes.com/news/2010/mar/24/cyber-attack-on-us-firms-google-traced-to-chinese;http://www.darkreading.com/attacks-and-breaches/google-aurora-hack-was-chinese-counterespionage-operation/d/d-id/1110060?",
  "schema_version": "1.3.1",
  "security_incident": "Confirmed",
  "source_id": "vcdb",
  "summary": "Chinese hackers break into Google looking for source code, trade secrets, information about human rights activists, and also to identify chinese operatives that were being investigated by the United States.",
  "timeline": {
    "incident": {
      "month": 12,
      "year": 2009
    }
  },
  "victim": {
    "country": [
      "US"
    ],
    "employee_count": "50001 to 100000",
    "industry": "334511",
    "region": [
      "019021"
    ],
    "revenue": {
      "amount": 24660000000,
      "iso_currency_code": "USD"
    },
    "state": "VA",
    "victim_id": "Northrop Grumman Corporation"
  }
}