{
  "action": {
    "misuse": {
      "variety": [
        "Privilege abuse"
      ],
      "vector": [
        "LAN access"
      ]
    }
  },
  "actor": {
    "internal": {
      "motive": [
        "Financial"
      ],
      "variety": [
        "Unknown"
      ]
    }
  },
  "asset": {
    "assets": [
      {
        "variety": "S - Database"
      }
    ],
    "ownership": "Victim"
  },
  "attribute": {
    "confidentiality": {
      "data": [
        {
          "amount": 1500000,
          "variety": "Personal"
        }
      ],
      "data_disclosure": "Potentially",
      "data_total": 1500000,
      "data_victim": [
        "Customer"
      ],
      "notes": "It is unknown how much of the usual name, e-mail address, account number and so on that the marketing database contained. T-Mobile Czech Republic says only that it did not include location, traffic, or other \"sensitive data such as passwords\".  T-Mobile Czech Republic managing director Milan Vaina says there was \"no actual data leak\" adding that \"data are (sic) safe\". It is unclear if the company is claiming the records were for sale but remained not purchased.  ",
      "state": [
        "Stored"
      ]
    }
  },
  "discovery_method": "Prt - other",
  "discovery_notes": "Although he was able to download the data, he then attempted to sell it to a buyer who happened to be a T-Mobile business partner, who immediately informed the mobile network of the data loss.",
  "impact": {
    "iso_currency_code": "CZK",
    "loss": [
      {
        "amount": 3600000,
        "variety": "Legal and regulatory"
      }
    ],
    "notes": "Regulatory fine;",
    "overall_rating": "Unknown"
  },
  "incident_id": "0125ACA2-17F2-4BBC-AF88-1D21F296457C",
  "notes": "A million and a half customer records have strolled out the door of T-Mobile Czech Republic in an employee's pocket; attempted to sell the datasets",
  "plus": {
    "analysis_status": "Finalized",
    "analyst": "anastasia",
    "attribute": {
      "confidentiality": {
        "credit_monitoring": "U"
      }
    },
    "created": "2016-07-07T00:54:00Z",
    "dbir_year": 2017,
    "github": "7929",
    "master_id": "0125ACA2-17F2-4BBC-AF88-1D21F296457C",
    "modified": "2016-07-07T03:28:00Z",
    "sub_source": "DBIRPRIORITY",
    "timeline": {
      "notification": {
        "day": 14,
        "month": 6,
        "year": 2016
      }
    }
  },
  "reference": "https://www.databreaches.net/cz-t-mobile-employee-arrested-for-trying-to-sell-customer-data/; http://www.theregister.co.uk/2016/06/20/tmobile_czech_breach/; https://www.databreaches.net/cz-t-mobile-employee-arrested-for-trying-to-sell-customer-data/",
  "schema_version": "1.3.1",
  "security_incident": "Confirmed",
  "source_id": "vcdb",
  "summary": "T-Mobile Employee Arrested for Trying to Sell Customer Data  T-Mobile Czech Republic says there was \"no actual data leak\" adding that \"data are (sic) safe\". It is unclear if the company is claiming the records were for sale but remained not purchased. Attempt was detected before the customer account details were handed over  The offending staffer was part of a \"small team\" which \"worked with customer data\".  There was also no word on how a single staffer, since sacked, could have had access to 1.5 million records and been able to siphon it off en masse.  ",
  "timeline": {
    "incident": {
      "year": 2016
    }
  },
  "victim": {
    "country": [
      "CZ"
    ],
    "employee_count": "25001 to 50000",
    "industry": "517210",
    "region": [
      "150151"
    ],
    "victim_id": "T-Mobile"
  }
}