{
  "action": {
    "hacking": {
      "variety": [
        "Unknown"
      ],
      "vector": [
        "Unknown"
      ]
    }
  },
  "actor": {
    "external": {
      "country": [
        "Unknown"
      ],
      "motive": [
        "Grudge"
      ],
      "region": [
        "000000"
      ],
      "variety": [
        "Activist"
      ]
    }
  },
  "asset": {
    "assets": [
      {
        "variety": "Unknown"
      }
    ]
  },
  "attribute": {
    "confidentiality": {
      "data": [
        {
          "variety": "Classified"
        },
        {
          "variety": "Personal"
        },
        {
          "variety": "Internal"
        }
      ],
      "data_disclosure": "Potentially",
      "data_total": 1763,
      "data_victim": [
        "Other"
      ],
      "notes": "The hackers have targeted the firm because it provides training for law enforcement organizations, federal agencies and even the military.   The leaked information included usernames, email address and passwords.  Many of the email address belong to government employes, including police officer and members of the military. ",
      "state": [
        "Stored"
      ]
    }
  },
  "discovery_method": "Ext - actor disclosure",
  "impact": {
    "overall_rating": "Unknown"
  },
  "incident_id": "012E4242-E4BD-4B44-9C3C-DC4DBBD190E6",
  "plus": {
    "analysis_status": "First pass",
    "analyst": "abooker",
    "asset": {
      "total": "No"
    },
    "attribute": {
      "confidentiality": {
        "credit_monitoring": "U",
        "data_abuse": "U"
      }
    },
    "created": "2013-02-19T03:11:35Z",
    "f500": "N",
    "master_id": "012E4242-E4BD-4B44-9C3C-DC4DBBD190E6",
    "modified": "2014-05-10T00:58:18Z",
    "timeline": {
      "notification": {
        "day": 1,
        "month": 6,
        "year": 2012
      }
    }
  },
  "reference": "http://news.softpedia.com/news/Management-of-Aggressive-Behavior-Site-Hacked-User-Credentials-Leaked-273217.shtml ",
  "schema_version": "1.3.1",
  "security_incident": "Confirmed",
  "source_id": "vcdb",
  "summary": "Hackers part of the Anonymous-affiliated k0detec collective have gained unauthorized access to the systems of MOAB Training International.  ",
  "timeline": {
    "incident": {
      "year": 2012
    }
  },
  "victim": {
    "country": [
      "US"
    ],
    "employee_count": "Unknown",
    "industry": "611710",
    "notes": "MOAB Training International is a company that provides courses on the management of violent and aggressive behavior. ",
    "region": [
      "019021"
    ],
    "state": "PA",
    "victim_id": "Mangement of Aggressive Behavior Training International, Inc"
  }
}