{
  "action": {
    "hacking": {
      "variety": [
        "Unknown"
      ],
      "vector": [
        "Web application"
      ]
    }
  },
  "actor": {
    "external": {
      "country": [
        "Unknown"
      ],
      "motive": [
        "Ideology"
      ],
      "notes": "Lizard Squad",
      "region": [
        "142034",
        "000000"
      ],
      "variety": [
        "Activist"
      ]
    }
  },
  "asset": {
    "assets": [
      {
        "variety": "S - Web application"
      }
    ]
  },
  "attribute": {
    "availability": {
      "variety": [
        "Loss"
      ]
    },
    "integrity": {
      "variety": [
        "Defacement"
      ]
    }
  },
  "discovery_method": "Unknown",
  "discovery_notes": "Bourdeau said he was alerted to the hack Thursday evening and the page was restored early Friday.",
  "impact": {
    "overall_rating": "Unknown"
  },
  "incident_id": "0135822E-3438-4DCD-BA27-99D252E8DBD6",
  "notes": "issue: 5217  victim: Terrasse-Vaudreuil municipality  naics:  921110    employees:   Incident: 2015-01-22  Notification: 2015-01-23  Discovery: 2015-01-22 Bourdeau said he was alerted to the hack Thursday evening and the page was restored early Friday.  containment: Hours 10  Actor: Middle East Cyber Army activist ideology\u007f",
  "plus": {
    "analysis_status": "Finalized",
    "analyst": "tecamac",
    "created": "2016-01-28T08:56:00Z",
    "dbir_year": 2016,
    "github": "5217",
    "master_id": "0135822E-3438-4DCD-BA27-99D252E8DBD6",
    "modified": "2016-01-28T08:56:00Z",
    "timeline": {
      "notification": {
        "day": 23,
        "month": 1,
        "year": 2015
      }
    }
  },
  "reference": "https://web.archive.org/web/20150320105642/;http://www.thestar.com/news/canada/2015/01/23/cyberattack-leaves-small-town-in-quebec-bewildered.html;http://digitallocksmithsinc.com/2015/01/24/terrasse-vaudreuils-website-one-many-hacked/#.Vqnjjo-cGUk;http://montrealgazette.com/news/local-news/terrasse-vaudreuil-website-hacked-by-meca",
  "schema_version": "1.3.1",
  "security_incident": "Confirmed",
  "source_id": "vcdb",
  "summary": "The website has been hacked by someone claiming to be linked to Islamic extremists. The homepage of the Terrasse-Vaudreuil municipality website boasts a message which includes:   \"We are Muslims. Quran is our book. In Allah we trust. For Allah we work. SCREW YOU Charlie Hebdo.\"  It continues to praise the religion of Islam.   The message is signed by a group calling itself the Middle East Cyber Army. It is not known who is actually responsible for the hack.   Terry Cutler, a hacker said Terrasse-Vaudreuil was probably just an easy hack.   \"What they do is they go to Google, they run these special searches _ 'Show me everybody in Canada running this specific version of the software of this website,'\" Cutler said,  adding that hackers then launch a script that hacks into all the sites.   He said it's likely just an attempt to find a platform to promote a certain message. ",
  "timeline": {
    "containment": {
      "unit": "Hours",
      "value": 10
    },
    "incident": {
      "day": 22,
      "month": 1,
      "year": 2015
    }
  },
  "victim": {
    "country": [
      "CA"
    ],
    "employee_count": "Unknown",
    "industry": "921110",
    "region": [
      "019021"
    ],
    "victim_id": "Terrasse-Vaudreuil Municipality"
  }
}