{
  "action": {
    "misuse": {
      "variety": [
        "Possession abuse"
      ], 
      "vector": [
        "Physical access"
      ]
    }, 
    "physical": {
      "variety": [
        "Theft"
      ], 
      "vector": [
        "Personal residence"
      ]
    }
  }, 
  "actor": {
    "internal": {
      "motive": [
        "Unknown", 
        "Financial"
      ], 
      "variety": [
        "End-user"
      ]
    }
  }, 
  "asset": {
    "assets": [
      {
        "variety": "M - Documents"
      }, 
      {
        "variety": "M - Payment card"
      }
    ]
  }, 
  "attribute": {
    "availability": {
      "variety": [
        "Loss"
      ]
    }, 
    "confidentiality": {
      "data": [
        {
          "amount": 6200, 
          "variety": "Payment"
        }
      ], 
      "data_disclosure": "Yes", 
      "data_total": 6200, 
      "data_victim": [
        "Customer"
      ], 
      "state": [
        "Unknown"
      ]
    }
  }, 
  "discovery_method": "Ext - law enforcement", 
  "impact": {
    "overall_rating": "Unknown"
  }, 
  "incident_id": "013C2C60-5309-4C72-8F01-4DEC854F31D3", 
  "plus": {
    "analysis_status": "Finalized", 
    "analyst": "Robert-Topper", 
    "attribute": {
      "confidentiality": {
        "credit_monitoring": "U", 
        "data_misuse": "Y"
      }
    }, 
    "created": "2016-10-20T18:15:00Z", 
    "dbir_year": 2016, 
    "github": "8044", 
    "master_id": "013C2C60-5309-4C72-8F01-4DEC854F31D3", 
    "modified": "2016-10-20T18:15:00Z", 
    "sub_source": "VCDB", 
    "timeline": {
      "notification": {
        "month": 9, 
        "year": 2015
      }
    }
  }, 
  "reference": "http://www.latimes.com/local/lanow/la-me-ln-postal-worker-credit-card-stolen-20160705-snap-story.html", 
  "schema_version": "1.3", 
  "security_incident": "Confirmed", 
  "source_id": "vcdb", 
  "summary": "stole credit cards as a postal worker", 
  "timeline": {
    "incident": {
      "month": 9, 
      "year": 2014
    }
  }, 
  "victim": {
    "country": [
      "US"
    ], 
    "employee_count": "10001 to 25000", 
    "industry": "491110", 
    "locations_affected": 1, 
    "region": [
      "019021"
    ], 
    "state": "CA", 
    "victim_id": "U.S. Postal Service"
  }
}