{
  "action": {
    "physical": {
      "variety": [
        "Skimmer"
      ],
      "vector": [
        "Victim public area"
      ]
    }
  },
  "actor": {
    "external": {
      "country": [
        "Unknown"
      ],
      "motive": [
        "Financial"
      ],
      "region": [
        "000000"
      ],
      "variety": [
        "Unknown"
      ]
    }
  },
  "asset": {
    "assets": [
      {
        "variety": "T - Gas terminal"
      }
    ]
  },
  "attribute": {
    "confidentiality": {
      "data": [
        {
          "variety": "Payment"
        }
      ],
      "data_disclosure": "Yes",
      "data_victim": [
        "Customer"
      ],
      "state": [
        "Transmitted"
      ]
    }
  },
  "discovery_method": "Ext - law enforcement",
  "discovery_notes": "The cloned credit card information was later used at various locations in Wilmington and Pennsylvania.",
  "impact": {
    "overall_rating": "Unknown"
  },
  "incident_id": "013EB45A-58BF-4B03-B4C0-992BB5C18E57",
  "plus": {
    "analysis_status": "Finalized",
    "analyst": "Robert-Topper",
    "attribute": {
      "confidentiality": {
        "credit_monitoring": "U",
        "data_misuse": "Y"
      }
    },
    "created": "2016-09-15T14:54:00Z",
    "dbir_year": 2017,
    "github": "6614",
    "master_id": "013EB45A-58BF-4B03-B4C0-992BB5C18E57",
    "modified": "2016-09-15T14:57:00Z",
    "sub_source": "VCDB",
    "timeline": {
      "notification": {
        "day": 13,
        "month": 11,
        "year": 2015
      }
    }
  },
  "reference": "http://capegazette.villagesoup.com/p/credit-card-information-stolen-from-harbeson-gas-station/1443449",
  "schema_version": "1.3.1",
  "security_incident": "Confirmed",
  "source_id": "vcdb",
  "summary": "gas pump skimmer",
  "timeline": {
    "incident": {
      "month": 9,
      "year": 2015
    }
  },
  "victim": {
    "country": [
      "US"
    ],
    "employee_count": "11 to 100",
    "industry": "447110",
    "locations_affected": 1,
    "region": [
      "019021"
    ],
    "state": "DE",
    "victim_id": "Harbeson Deli"
  }
}