{
  "action": {
    "misuse": {
      "variety": [
        "Privilege abuse"
      ],
      "vector": [
        "LAN access"
      ]
    }
  },
  "actor": {
    "internal": {
      "motive": [
        "Unknown"
      ],
      "variety": [
        "Unknown"
      ]
    }
  },
  "asset": {
    "assets": [
      {
        "variety": "S - Database"
      }
    ],
    "governance": [
      "Personally owned"
    ]
  },
  "attribute": {
    "confidentiality": {
      "data": [
        {
          "variety": "Bank"
        }
      ],
      "data_disclosure": "Yes",
      "data_victim": [
        "Customer"
      ],
      "state": [
        "Unknown"
      ]
    },
    "integrity": {
      "variety": [
        "Fraudulent transaction"
      ]
    }
  },
  "discovery_method": "Ext - customer",
  "impact": {
    "overall_rating": "Unknown"
  },
  "incident_id": "01415D4B-2CAF-4EFC-AC36-55681DF6F338",
  "plus": {
    "analysis_status": "First pass",
    "analyst": "blackfist",
    "attribute": {
      "confidentiality": {
        "credit_monitoring": "U",
        "data_misuse": "Y"
      }
    },
    "created": "2013-10-11T15:01:00Z",
    "github": "560",
    "master_id": "01415D4B-2CAF-4EFC-AC36-55681DF6F338",
    "modified": "2014-05-10T00:58:18Z",
    "timeline": {
      "notification": {
        "month": 10,
        "year": 2013
      }
    }
  },
  "reference": "http://www.logandaily.com/news/woman-indicted-with-bank-fraud-after-three-year-fbi-investigation/article_324c9c23-8b83-5d7e-bfe8-a45f02a9a6ad.html (20131011)",
  "schema_version": "1.3.1",
  "security_incident": "Confirmed",
  "source_id": "vcdb",
  "summary": "After three long years of investigation by the Federal Bureau of Investigation, a local woman has been indicted in federal court on 26 counts of bank fraud, identity theft and bankruptcy fraud.",
  "timeline": {
    "containment": {
      "unit": "Months"
    },
    "discovery": {
      "unit": "Years",
      "value": 3
    },
    "incident": {
      "month": 7,
      "year": 2007
    }
  },
  "victim": {
    "country": [
      "US"
    ],
    "employee_count": "101 to 1000",
    "industry": "522120",
    "region": [
      "019021"
    ],
    "state": "OH",
    "victim_id": "Century National Bank"
  }
}