{
  "action": {
    "unknown": {}
  }, 
  "actor": {
    "unknown": {}
  }, 
  "asset": {
    "assets": [
      {
        "variety": "Unknown"
      }
    ]
  }, 
  "attribute": {
    "confidentiality": {
      "data": [
        {
          "variety": "Personal"
        }
      ], 
      "data_disclosure": "Yes", 
      "data_victim": [
        "Employee"
      ], 
      "state": [
        "Unknown"
      ]
    }
  }, 
  "discovery_method": "Ext - customer", 
  "impact": {
    "overall_rating": "Unknown"
  }, 
  "incident_id": "0144A8AF-E21F-437F-9414-6821CDA08BB5", 
  "plus": {
    "analysis_status": "Finalized", 
    "analyst": "Spitler", 
    "attribute": {
      "confidentiality": {
        "credit_monitoring": "U"
      }
    }, 
    "created": "2016-07-06T19:30:00Z", 
    "dbir_year": 2017, 
    "github": "7455", 
    "master_id": "0144A8AF-E21F-437F-9414-6821CDA08BB5", 
    "modified": "2016-07-06T19:30:00Z", 
    "sub_source": "VCDB", 
    "timeline": {
      "notification": {
        "day": 23, 
        "month": 3, 
        "year": 2016
      }
    }
  }, 
  "reference": "http://www.nebraska.tv/story/31551065/personal-info-stolen-from-chi-employees", 
  "schema_version": "1.3", 
  "security_incident": "Confirmed", 
  "source_id": "vcdb", 
  "summary": "Employee information lost due to third party attack", 
  "timeline": {
    "incident": {
      "year": 2016
    }
  }, 
  "victim": {
    "country": [
      "US"
    ], 
    "employee_count": "Large", 
    "industry": "621111", 
    "region": [
      "019021"
    ], 
    "state": "NE", 
    "victim_id": "CHI Good Samaritan"
  }
}