{
  "action": {
    "unknown": {}
  },
  "actor": {
    "external": {
      "country": [
        "Unknown",
        "US"
      ],
      "motive": [
        "Ideology"
      ],
      "name": [
        "Human Rights Campaign"
      ],
      "region": [
        "000000",
        "019021"
      ],
      "variety": [
        "Unknown",
        "Activist"
      ]
    }
  },
  "asset": {
    "assets": [
      {
        "variety": "Unknown"
      }
    ]
  },
  "attribute": {
    "confidentiality": {
      "data": [
        {
          "variety": "Internal"
        }
      ],
      "data_disclosure": "Yes",
      "data_victim": [
        "Partner"
      ],
      "state": [
        "Transmitted unencrypted"
      ]
    }
  },
  "discovery_method": "Ext - actor disclosure",
  "discovery_notes": "published on the Internet",
  "impact": {
    "notes": "IRS Pays Nonprofit Group $50,000 Settlement for Leaking Documents;",
    "overall_rating": "Unknown"
  },
  "incident_id": "016F24DF-547E-43B0-BBC7-2F44885F8537",
  "notes": "497  Victim National Organization for Marriage collateral: Internal Revenue Service number of employees/volunteers: 7 naics 813990   Incident 2012-03-30 Notification 2012-03-30 (public brag)  Discovery: Posted on the website  Actor: Human Rights Campaign Motive: ideological vector it could not be determined exactly how the IRS documents were accessed and provided to HRC  Data confidential tax documents Names of donors    Impact IRS Pays Nonprofit Group $50,000 Settlement for Leaking Documents ",
  "plus": {
    "analysis_status": "Finalized",
    "analyst": "tecamac",
    "attribute": {
      "confidentiality": {
        "credit_monitoring": "U"
      }
    },
    "created": "2016-01-21T09:13:00Z",
    "dbir_year": 2016,
    "github": "497",
    "master_id": "016F24DF-547E-43B0-BBC7-2F44885F8537",
    "modified": "2016-01-21T09:13:00Z",
    "timeline": {
      "notification": {
        "day": 30,
        "month": 3,
        "year": 2015
      }
    }
  },
  "reference": "http://www.theglobaldispatch.com/national-organization-for-marriage-sues-irs-for-leaking-tax-documents-to-human-rights-campaign-58294/;http://www.usatoday.com/story/opinion/2013/05/15/irs-commits-political-sabotage-column/2163089/;http://www.hrc.org/press/mitt-romney-fuels-noms-divisive-racial-tactics;http://arc-sos.state.al.us/PEL/SOSELPDF.001/E0090860.PDF;http://nonprofitquarterly.org/2014/06/25/irs-pays-nonprofit-group-50-000-settlement-for-leaking-documents/",
  "schema_version": "1.3.1",
  "security_incident": "Confirmed",
  "source_id": "vcdb",
  "summary": "The National Organization for Marriage announced Thursday a lawsuit in federal court against the Internal Revenue Service for illegally releasing confidential tax documents to the Human Rights Campaign.  After the leak of the documents in 2012, the Human Rights Campaign (HRC), posted the confidential information on its website, which included the names of donors, who were subsequently harassed. The information was also republished by The Huffington Post.  HRC published the Releasing confidential tax information without permission is a felony under federal law.  \"We have irrefutable proof that NOM's confidential tax return was released by the IRS and went to the number one opponent of marriage, the Human Rights Campaign whose president was a national co-chair of President Obama's re-election campaign. The HRC promptly published it and released it to the media,\" said Brian Brown, NOM's president. \"This is a federal crime. Worse, the confidential information contained in the illegally leaked documents included the identity of dozens of our major donors and the HRC used this confidential donor information to harass our donors. This is a chilling set of circumstances that should ring alarm bells across the nation.\"  The Justice Department will not confirm whether or not there is an ongoing investigation into the alleged crime.  NOM was able to confirm that the documents published by HRC came from the IRS by discovering a stamp on the documents that could only come from the IRS.",
  "timeline": {
    "incident": {
      "day": 30,
      "month": 3,
      "year": 2015
    }
  },
  "victim": {
    "country": [
      "US"
    ],
    "employee_count": "1 to 10",
    "industry": "813990",
    "region": [
      "019021"
    ],
    "secondary": {
      "amount": 1,
      "notes": "transmited confidential documents",
      "victim_id": [
        "Internal Revenue Service"
      ]
    },
    "victim_id": "National Organization for Marriage"
  }
}