{
  "action": {
    "hacking": {
      "variety": [
        "DoS"
      ],
      "vector": [
        "Web application"
      ]
    }
  },
  "actor": {
    "external": {
      "country": [
        "Unknown"
      ],
      "motive": [
        "Ideology"
      ],
      "notes": "Anonymous",
      "region": [
        "000000"
      ],
      "variety": [
        "Activist"
      ]
    }
  },
  "asset": {
    "assets": [
      {
        "variety": "S - Web application"
      }
    ]
  },
  "attribute": {
    "availability": {
      "variety": [
        "Interruption"
      ]
    }
  },
  "discovery_method": "Unknown",
  "impact": {
    "overall_rating": "Unknown"
  },
  "incident_id": "01718628-20DC-42F7-9F87-64DA539F6336",
  "plus": {
    "analysis_status": "First pass",
    "analyst": "dhylender",
    "created": "2013-09-13T20:22:00Z",
    "github": "229",
    "master_id": "01718628-20DC-42F7-9F87-64DA539F6336",
    "modified": "2014-05-10T19:23:22Z",
    "timeline": {
      "notification": {
        "day": 13,
        "month": 9,
        "year": 2013
      }
    }
  },
  "reference": "http://news.softpedia.com/news/Syrian-Arab-News-Agency-Disrupted-by-Cyberattack-382945.shtml",
  "schema_version": "1.3.1",
  "security_incident": "Confirmed",
  "source_id": "vcdb",
  "summary": "Activist purporting to be Anonymous have launched attacks against the Syrian Arab News Agency website resulting in outage.",
  "timeline": {
    "incident": {
      "day": 10,
      "month": 9,
      "year": 2013
    }
  },
  "victim": {
    "country": [
      "SY"
    ],
    "employee_count": "Unknown",
    "industry": "511110",
    "region": [
      "142145"
    ],
    "victim_id": "Syrian Arab News Agency"
  }
}