{
  "action": {
    "misuse": {
      "variety": [
        "Possession abuse",
        "Unapproved hardware"
      ],
      "vector": [
        "Physical access"
      ]
    },
    "social": {
      "target": [
        "Cashier"
      ],
      "variety": [
        "Bribery"
      ],
      "vector": [
        "In-person"
      ]
    }
  },
  "actor": {
    "external": {
      "country": [
        "Unknown",
        "US"
      ],
      "motive": [
        "Financial"
      ],
      "region": [
        "000000",
        "019021"
      ],
      "variety": [
        "Unknown",
        "Unaffiliated"
      ]
    },
    "internal": {
      "motive": [
        "Unknown",
        "Financial"
      ],
      "variety": [
        "Cashier"
      ]
    }
  },
  "asset": {
    "assets": [
      {
        "variety": "P - Cashier"
      },
      {
        "variety": "M - Payment card"
      }
    ]
  },
  "attribute": {
    "confidentiality": {
      "data": [
        {
          "amount": 100,
          "variety": "Payment"
        }
      ],
      "data_disclosure": "Yes",
      "data_total": 100,
      "data_victim": [
        "Customer"
      ],
      "state": [
        "Unknown"
      ]
    },
    "integrity": {
      "variety": [
        "Alter behavior"
      ]
    }
  },
  "discovery_method": "Unknown",
  "impact": {
    "overall_rating": "Unknown"
  },
  "incident_id": "017C0BC1-A76F-4C08-8F38-582947D98D73",
  "plus": {
    "analysis_status": "Finalized",
    "analyst": "Spitler",
    "attribute": {
      "confidentiality": {
        "credit_monitoring": "U"
      }
    },
    "created": "2016-02-02T17:25:00Z",
    "dbir_year": 2016,
    "github": "6839",
    "master_id": "017C0BC1-A76F-4C08-8F38-582947D98D73",
    "modified": "2016-02-02T17:25:00Z",
    "timeline": {
      "notification": {
        "day": 9,
        "month": 4,
        "year": 2015
      }
    }
  },
  "reference": "http://www.databreaches.net/miami-dade-resident-sentenced-to-8-%C2%BD-years-in-prison-restaurant-customers-data-misused/;  https://www.fbi.gov/miami/press-releases/2015/defendants-charged-in-separate-fraud-schemes-that-resulted-in-thousands-of-identities-stolen-and-used-to-commit-fraud-schemes  ",
  "schema_version": "1.3.1",
  "security_incident": "Confirmed",
  "source_id": "vcdb",
  "summary": "External actor conspired with servers to skim customer credit cards",
  "timeline": {
    "compromise": {
      "unit": "Seconds"
    },
    "exfiltration": {
      "unit": "Seconds"
    },
    "incident": {
      "month": 3,
      "year": 2015
    }
  },
  "victim": {
    "country": [
      "US"
    ],
    "employee_count": "Small",
    "industry": "722511",
    "region": [
      "019021"
    ],
    "state": "FL",
    "victim_id": "Unknown"
  }
}