{
  "action": {
    "error": {
      "variety": [
        "Publishing error"
      ],
      "vector": [
        "Unknown"
      ]
    }
  },
  "actor": {
    "internal": {
      "motive": [
        "NA"
      ],
      "variety": [
        "Unknown"
      ]
    }
  },
  "asset": {
    "assets": [
      {
        "variety": "S - Web application"
      }
    ]
  },
  "attribute": {
    "confidentiality": {
      "data": [
        {
          "variety": "Personal"
        }
      ],
      "data_disclosure": "Yes",
      "data_total": 1000,
      "data_victim": [
        "Other"
      ],
      "state": [
        "Stored unencrypted"
      ]
    }
  },
  "discovery_method": "Ext - customer",
  "impact": {
    "overall_rating": "Unknown"
  },
  "incident_id": "017FED55-76C0-4659-A4E1-ECDA5187A92A",
  "plus": {
    "analysis_status": "First pass",
    "analyst": "Spitler",
    "attribute": {
      "confidentiality": {
        "credit_monitoring": "U"
      }
    },
    "created": "2013-09-10T17:23:00Z",
    "master_id": "017FED55-76C0-4659-A4E1-ECDA5187A92A",
    "modified": "2014-05-10T00:58:18Z",
    "timeline": {
      "notification": {
        "day": 9,
        "month": 9,
        "year": 2013
      }
    }
  },
  "reference": "http://www.king5.com/news/local/Private-information-of-Section-8-waitlist-applicants-accidentally-posted-online-223054931.html",
  "schema_version": "1.3.1",
  "security_incident": "Confirmed",
  "source_id": "vcdb",
  "summary": "Housing authority suffers data breach revealing PII for people on wait list for housing. Spreadsheet was published to public-facing website. Discovered by resident who found her own information after an internet search on her name.",
  "timeline": {
    "compromise": {
      "unit": "NA"
    },
    "exfiltration": {
      "unit": "NA"
    },
    "incident": {
      "year": 2013
    }
  },
  "victim": {
    "country": [
      "US"
    ],
    "employee_count": "Unknown",
    "industry": "921110",
    "region": [
      "019021"
    ],
    "state": "WA",
    "victim_id": "Pierce County Housing Authority"
  }
}