{
  "action": {
    "error": {
      "variety": [
        "Disposal error"
      ], 
      "vector": [
        "Unknown"
      ]
    }
  }, 
  "actor": {
    "internal": {
      "motive": [
        "NA"
      ], 
      "variety": [
        "Unknown"
      ]
    }
  }, 
  "asset": {
    "assets": [
      {
        "variety": "M - Documents"
      }
    ]
  }, 
  "attribute": {
    "confidentiality": {
      "data": [
        {
          "variety": "Medical"
        }
      ], 
      "data_disclosure": "Yes", 
      "data_victim": [
        "Patient"
      ], 
      "state": [
        "Stored unencrypted"
      ]
    }
  }, 
  "discovery_method": "Ext - found documents", 
  "impact": {
    "overall_rating": "Unknown"
  }, 
  "incident_id": "018108FE-DE76-4711-86EC-341B2903C575", 
  "plus": {
    "analysis_status": "Finalized", 
    "analyst": "swidup", 
    "attribute": {
      "confidentiality": {
        "credit_monitoring": "U"
      }
    }, 
    "created": "2016-06-01T03:16:00Z", 
    "dbir_year": 2017, 
    "github": "7325", 
    "master_id": "018108FE-DE76-4711-86EC-341B2903C575", 
    "modified": "2016-06-01T03:16:00Z", 
    "sub_source": "", 
    "timeline": {
      "notification": {
        "day": 29, 
        "month": 2, 
        "year": 2016
      }
    }
  }, 
  "reference": "http://www.10news.com/news/medical-records-found-dumped-on-paradise-hills-sidewalk", 
  "schema_version": "1.3", 
  "security_incident": "Confirmed", 
  "source_id": "vcdb", 
  "summary": "Medical documents containing names and Social Security numbers for hundreds of patients were found dumped on a Paradise Hills sidewalk Monday morning.    The records were discovered by a man on a sidewalk with some other trash in the area of Paradise Valley Road and Jester Street. The man then reported it to San Diego police. The records, belonging to Chula Vista-based Modern Home Health Care, had names, addresses, birthdays and Social Security numbers.    Modern Home provides health care services to patients in their homes.    The company told 10News it is looking into how the documents got left on the sidewalk. A representative said Modern Home hires another company to shred all its documents. ", 
  "timeline": {
    "incident": {
      "year": 2016
    }
  }, 
  "victim": {
    "country": [
      "US"
    ], 
    "employee_count": "Unknown", 
    "industry": "62111", 
    "region": [
      "019021"
    ], 
    "state": "CA", 
    "victim_id": "Modern Home Health Care"
  }
}