{
  "action": {
    "error": {
      "variety": [
        "Gaffe"
      ],
      "vector": [
        "Carelessness"
      ]
    }
  },
  "actor": {
    "internal": {
      "motive": [
        "NA"
      ],
      "variety": [
        "Unknown",
        "Other"
      ]
    }
  },
  "asset": {
    "assets": [
      {
        "variety": "Unknown"
      }
    ]
  },
  "attribute": {
    "confidentiality": {
      "data": [
        {
          "amount": 1,
          "variety": "Medical"
        }
      ],
      "data_disclosure": "Yes",
      "data_total": 1,
      "data_victim": [
        "Customer"
      ],
      "state": [
        "Stored"
      ]
    }
  },
  "discovery_method": "Ext - customer",
  "impact": {
    "overall_rating": "Unknown"
  },
  "incident_id": "018F00D3-5840-438D-96D9-671327AE7D9F",
  "plus": {
    "analysis_status": "First pass",
    "analyst": "swidup",
    "attribute": {
      "confidentiality": {
        "credit_monitoring": "U"
      }
    },
    "created": "2015-03-08T05:52:48Z",
    "github": "2188",
    "master_id": "018F00D3-5840-438D-96D9-671327AE7D9F",
    "modified": "2015-03-08T05:52:48Z",
    "timeline": {
      "notification": {
        "day": 6,
        "month": 5,
        "year": 2014
      }
    }
  },
  "reference": "http://wvrecord.com/news/267187-woman-accuses-kmart-of-hipaa-violation",
  "schema_version": "1.3.1",
  "security_incident": "Confirmed",
  "source_id": "vcdb",
  "summary": "A Raleigh County woman is suing over claims Kmart pharmacy employees violated HIPAA by discussing her medical information in the store.  Struggling Sears Holdings To Announce Q3 EarningsLeslie J. Pettry filed a lawsuit April 14 in Raleigh Circuit Court against Kmart Promotions LLC, citing negligence.  According to the complaint, Pettry was a customer of Kmarts pharmacy department in their Beckley store on Aug. 5, 2012, when an employee of Kmart openly discussed her medical information in the crowded store. The defendant is accused of violating the Health Insurance Portability and Accountability Act by allowing Pettrys confidential medical information to be disseminated to the public.  Pettry is seeking damages in an amount to be determined by the court.  She is being represented in the case by attorney Anthony M. Salvatore of Hewitt & Salvatore PLLC. The case has been assigned to Circuit Judge H. L. Kirkpatrick.",
  "timeline": {
    "incident": {
      "day": 5,
      "month": 8,
      "year": 2012
    }
  },
  "victim": {
    "country": [
      "US"
    ],
    "employee_count": "25001 to 50000",
    "industry": "452111",
    "region": [
      "019021"
    ],
    "state": "WV",
    "victim_id": "Kmart"
  }
}