{
  "action": {
    "misuse": {
      "variety": [
        "Privilege abuse"
      ],
      "vector": [
        "LAN access"
      ]
    }
  },
  "actor": {
    "internal": {
      "motive": [
        "Financial"
      ],
      "variety": [
        "Finance"
      ]
    }
  },
  "asset": {
    "assets": [
      {
        "variety": "S - Database"
      }
    ]
  },
  "attribute": {
    "confidentiality": {
      "data": [
        {
          "amount": 78,
          "variety": "Personal"
        }
      ],
      "data_disclosure": "Yes",
      "data_total": 78,
      "data_victim": [
        "Patient"
      ],
      "state": [
        "Stored"
      ]
    }
  },
  "discovery_method": "Unknown",
  "impact": {
    "overall_rating": "Unknown"
  },
  "incident_id": "01B2296F-1BEE-4C8C-ADE3-5BD8CDF959D5",
  "plus": {
    "analysis_status": "First pass",
    "analyst": "whbaker",
    "attribute": {
      "confidentiality": {
        "credit_monitoring": "U",
        "data_misuse": "Y"
      }
    },
    "created": "2014-06-06T14:22:00Z",
    "github": "2298",
    "master_id": "01B2296F-1BEE-4C8C-ADE3-5BD8CDF959D5",
    "modified": "2014-06-06T14:22:00Z",
    "timeline": {
      "notification": {
        "month": 6,
        "year": 2014
      }
    }
  },
  "reference": "http://t.esecurityplanet.com/esecurityplanet/#!/entry/538c9307025312186c105e9e?origin=http%3A%2F%2Fwww.esecurityplanet.com%2Fnetwork-security%2Fhospital-employee-pleads-guilty-to-identity-theft.html&oswts=1402064433350",
  "schema_version": "1.3.1",
  "security_incident": "Confirmed",
  "source_id": "vcdb",
  "summary": "Finance employee stole PII on patients from database and gave to co-conspirator for fraud. ",
  "timeline": {
    "incident": {
      "year": 2014
    }
  },
  "victim": {
    "country": [
      "US"
    ],
    "employee_count": "Unknown",
    "industry": "622110",
    "locations_affected": 1,
    "region": [
      "019021"
    ],
    "state": "DC",
    "victim_id": "Unknown"
  }
}