{
  "action": {
    "malware": {
      "variety": [
        "Ransomware"
      ],
      "vector": [
        "Unknown"
      ]
    }
  },
  "actor": {
    "external": {
      "country": [
        "Unknown"
      ],
      "motive": [
        "Financial"
      ],
      "region": [
        "000000"
      ],
      "variety": [
        "Unknown"
      ]
    }
  },
  "asset": {
    "assets": [
      {
        "variety": "S - Database"
      }
    ],
    "governance": [
      "Unknown"
    ]
  },
  "attribute": {
    "availability": {
      "variety": [
        "Interruption"
      ]
    },
    "confidentiality": {
      "data": [
        {
          "variety": "Medical"
        }
      ],
      "data_disclosure": "Potentially",
      "data_victim": [
        "Patient"
      ],
      "state": [
        "Unknown"
      ]
    },
    "integrity": {
      "variety": [
        "Modify data",
        "Software installation"
      ]
    }
  },
  "discovery_method": "Ext - actor disclosure",
  "impact": {
    "overall_rating": "Unknown"
  },
  "incident_id": "01E592CE-97CB-4345-97CF-2A278B67624B",
  "plus": {
    "analysis_status": "Finalized",
    "analyst": "swidup",
    "attribute": {
      "confidentiality": {
        "credit_monitoring": "U"
      }
    },
    "created": "2016-07-25T18:08:00Z",
    "dbir_year": 2017,
    "github": "7428",
    "master_id": "01E592CE-97CB-4345-97CF-2A278B67624B",
    "modified": "2016-07-25T18:26:00Z",
    "sub_source": "PHIDBR",
    "timeline": {
      "notification": {
        "month": 3,
        "year": 2016
      }
    }
  },
  "reference": "http://www.thegleaner.com/news/methodist-hospital-hit-by-electronic-virus-no-patient-information-compromised-2e588bab-c37b-3673-e05-372601151.html; http://www.databreaches.net/ky-ransomware-incident-at-methodist-hospital-in-henderson/; http://krebsonsecurity.com/2016/03/hospital-declares-internet-state-of-emergency-after-ransomware-infection/; http://arstechnica.com/security/2016/03/kentucky-hospital-hit-by-ransomware-attack/",
  "schema_version": "1.3.1",
  "security_incident": "Confirmed",
  "source_id": "vcdb",
  "summary": "Methodist Hospital officials say patient information is secure after discovering the hospital's network had been infected with a virus.  According to a news release, a ransomware virus got into the system. Ransomware restricts access to the infected computer system and demands that the user pay a ransom to remove the restriction to allow access to its own data and information.  Hospital officials stressed that no patient information was compromised.  The release said the hospital's Information Systems department immediately shut down the system to prevent the virus from spreading.  \"The IS department was able to identify and quarantine the issue,\" said Jamie Liles, Methodist's manager of development and community outreach. \"And no patient information was impacted. Our IS department has been working around the clock to resolve the issue.\"  While the system was down, a back-up system was activated.  \"Our IS department will work over the weekend to fix the problem,\" said Liles. \"They just don't want to put the primary system back up until the problem is resolved.\"",
  "timeline": {
    "incident": {
      "month": 3,
      "year": 2016
    }
  },
  "victim": {
    "country": [
      "US"
    ],
    "employee_count": "Unknown",
    "industry": "622110",
    "region": [
      "019021"
    ],
    "state": "KY",
    "victim_id": "Methodist Hospital"
  }
}