{
  "action": {
    "error": {
      "variety": [
        "Loss"
      ],
      "vector": [
        "Unknown"
      ]
    }
  },
  "actor": {
    "internal": {
      "motive": [
        "NA"
      ],
      "variety": [
        "Unknown"
      ]
    }
  },
  "asset": {
    "assets": [
      {
        "variety": "M - Documents"
      }
    ]
  },
  "attribute": {
    "availability": {
      "variety": [
        "Loss"
      ]
    },
    "confidentiality": {
      "data": [
        {
          "variety": "Medical"
        }
      ],
      "data_disclosure": "Yes",
      "data_victim": [
        "Patient"
      ],
      "state": [
        "Stored unencrypted"
      ]
    }
  },
  "discovery_method": "Int - reported by employee",
  "impact": {
    "overall_rating": "Unknown"
  },
  "incident_id": "020FF053-BB59-4974-BDC9-24588C68BE01",
  "plus": {
    "analysis_status": "Finalized",
    "analyst": "swidup",
    "attribute": {
      "confidentiality": {
        "credit_monitoring": "U"
      }
    },
    "created": "2016-06-21T23:57:00Z",
    "dbir_year": 2015,
    "github": "4248",
    "master_id": "020FF053-BB59-4974-BDC9-24588C68BE01",
    "modified": "2016-06-22T04:16:00Z",
    "sub_source": "VCDB",
    "timeline": {
      "notification": {
        "day": 14,
        "month": 8,
        "year": 2014
      }
    }
  },
  "reference": "http://doj.nh.gov/consumer/security-breaches/documents/northeast-rehabilitation-20140814.pdf",
  "schema_version": "1.3.1",
  "security_incident": "Confirmed",
  "source_id": "vcdb",
  "summary": "An employee lost documents.",
  "timeline": {
    "incident": {
      "day": 5,
      "month": 8,
      "year": 2014
    }
  },
  "victim": {
    "country": [
      "US"
    ],
    "employee_count": "Unknown",
    "industry": "622110",
    "region": [
      "019021"
    ],
    "state": "NH",
    "victim_id": "Northeast Rehabilitation Hospital Network"
  }
}