{
  "action": {
    "physical": {
      "variety": [
        "Tampering",
        "Disabled controls",
        "Surveillance"
      ],
      "vector": [
        "Victim public area"
      ]
    }
  },
  "actor": {
    "external": {
      "country": [
        "Unknown"
      ],
      "motive": [
        "Financial"
      ],
      "region": [
        "000000"
      ],
      "variety": [
        "Unknown"
      ]
    }
  },
  "asset": {
    "assets": [
      {
        "variety": "T - ATM"
      }
    ]
  },
  "attribute": {
    "confidentiality": {
      "data": [
        {
          "variety": "Payment"
        }
      ],
      "data_disclosure": "Yes",
      "data_victim": [
        "Customer"
      ],
      "state": [
        "Transmitted"
      ]
    },
    "integrity": {
      "variety": [
        "Hardware tampering"
      ]
    }
  },
  "discovery_method": "Int - incident response",
  "discovery_notes": "They made the discovery when the machine malfunctioned at the Bank of America on East Lancaster Avenue",
  "impact": {
    "iso_currency_code": "USD",
    "loss": [
      {
        "amount": 150000,
        "variety": "Asset and fraud"
      }
    ],
    "notes": "the pair stole at least $150,000 by installing skimmers at banks from New York to Maryland;",
    "overall_rating": "Unknown"
  },
  "incident_id": "0225B675-ECA9-4052-A1AB-0C65F7E2882D",
  "plus": {
    "analysis_status": "Finalized",
    "analyst": "Robert-Topper",
    "attribute": {
      "confidentiality": {
        "credit_monitoring": "U",
        "data_misuse": "Y"
      }
    },
    "created": "2016-09-27T14:32:00Z",
    "dbir_year": 2017,
    "github": "7535",
    "master_id": "0225B675-ECA9-4052-A1AB-0C65F7E2882D",
    "modified": "2017-01-30T23:00:00Z",
    "sub_source": "VCDB",
    "timeline": {
      "notification": {
        "day": 31,
        "month": 3,
        "year": 2016
      }
    }
  },
  "reference": "http://6abc.com/news/2-arrested-after-skimmer-found-on-atm-in-radnor/1270983/",
  "schema_version": "1.3.1",
  "security_incident": "Confirmed",
  "source_id": "vcdb",
  "summary": "ATM Skimmer",
  "timeline": {
    "incident": {
      "year": 2016
    }
  },
  "victim": {
    "country": [
      "US"
    ],
    "employee_count": "Over 100000",
    "industry": "522110",
    "region": [
      "019021"
    ],
    "state": "MA",
    "victim_id": "Bank of America Corp"
  }
}