{
  "action": {
    "hacking": {
      "variety": [
        "DoS"
      ],
      "vector": [
        "Web application"
      ]
    }
  },
  "actor": {
    "external": {
      "country": [
        "Unknown"
      ],
      "motive": [
        "Unknown"
      ],
      "notes": "unknown",
      "region": [
        "000000"
      ],
      "variety": [
        "Unknown"
      ]
    }
  },
  "asset": {
    "assets": [
      {
        "variety": "S - Web application"
      }
    ]
  },
  "attribute": {
    "availability": {
      "variety": [
        "Interruption"
      ]
    }
  },
  "discovery_method": "Unknown",
  "impact": {
    "overall_rating": "Unknown"
  },
  "incident_id": "02275CD0-F49C-4C4F-9071-C93C30F36856",
  "plus": {
    "analysis_status": "First pass",
    "analyst": "dhylender",
    "created": "2013-10-18T18:28:00Z",
    "github": "620",
    "master_id": "02275CD0-F49C-4C4F-9071-C93C30F36856",
    "modified": "2014-05-10T19:23:22Z",
    "timeline": {
      "notification": {
        "day": 18,
        "month": 10,
        "year": 2013
      }
    }
  },
  "reference": "http://news.softpedia.com/news/Russia-s-Central-Bank-and-Other-Financial-Institutions-Hit-by-DDOS-Attacks-392528.shtml",
  "schema_version": "1.3.1",
  "security_incident": "Confirmed",
  "source_id": "vcdb",
  "summary": "The websites of several major Russian financial institutions have been disrupted earlier this month with distributed denial-of-service (DDOS) attacks.",
  "timeline": {
    "incident": {
      "month": 10,
      "year": 2013
    }
  },
  "victim": {
    "country": [
      "RU"
    ],
    "employee_count": "50001 to 100000",
    "industry": "521110",
    "region": [
      "150151"
    ],
    "victim_id": "RU The Central Bank of the Russian Federation"
  }
}