{
  "action": {
    "unknown": {}
  }, 
  "actor": {
    "external": {
      "country": [
        "Unknown"
      ], 
      "motive": [
        "Financial"
      ], 
      "region": [
        "000000"
      ], 
      "variety": [
        "Unknown"
      ]
    }
  }, 
  "asset": {
    "assets": [
      {
        "variety": "S - Database"
      }
    ]
  }, 
  "attribute": {
    "confidentiality": {
      "data": [
        {
          "amount": 12621, 
          "variety": "Medical"
        }
      ], 
      "data_disclosure": "Yes", 
      "data_total": 12621, 
      "data_victim": [
        "Patient"
      ], 
      "state": [
        "Unknown"
      ]
    }
  }, 
  "discovery_method": "Ext - actor disclosure", 
  "impact": {
    "overall_rating": "Unknown"
  }, 
  "incident_id": "0229D4C5-B358-451C-A28A-EBFA00AB7106", 
  "plus": {
    "analysis_status": "Finalized", 
    "analyst": "swidup", 
    "attribute": {
      "confidentiality": {
        "credit_monitoring": "U", 
        "data_misuse": "Y"
      }
    }, 
    "created": "2016-09-07T03:16:00Z", 
    "dbir_year": 2016, 
    "github": "4979", 
    "master_id": "0229D4C5-B358-451C-A28A-EBFA00AB7106", 
    "modified": "2016-09-07T03:16:00Z", 
    "sub_source": "PHIDBR", 
    "timeline": {
      "notification": {
        "day": 15, 
        "month": 12, 
        "year": 2014
      }
    }
  }, 
  "reference": "http://www.pcworld.com/article/2859952/illinois-hospital-reports-data-blackmail.html; http://www.prnewswire.com/news-releases/clay-county-hospital-patient-information-compromised-300009670.html; http://www.modernhealthcare.com/article/20141217/NEWS/312179948", 
  "schema_version": "1.3", 
  "security_incident": "Confirmed", 
  "source_id": "vcdb", 
  "summary": "An Illinois hospital says someone attempted to blackmail it to stop the release of data about some of its patients.  Clay County Hospital, a medium-sized hospital chain in the state, received an anonymous email on Nov. 2 that asked for \"a substantial payment\" to avoid patient data being released. The email included \"protected health information\" of some patients, it said Monday.  The hospital says it immediately notified law enforcement agencies.  An investigation discovered the data relates to patients who visited Clay County Hospital clinics on or before February 2012. A hospital representative declined to disclose how many people are involved but said the data is limited to their names, addresses, Social Security numbers and dates of birth. No medical information was compromised in the breach, they said.  The hospital believes the data has not been released so far. It didn't disclose how the data was obtained but said an audit by an outside expert concluded the hospital hadn't been hacked.", 
  "timeline": {
    "incident": {
      "day": 2, 
      "month": 11, 
      "year": 2014
    }
  }, 
  "victim": {
    "country": [
      "US"
    ], 
    "employee_count": "101 to 1000", 
    "industry": "622110", 
    "region": [
      "019021"
    ], 
    "state": "IL", 
    "victim_id": "Clay County Hospital"
  }
}