{
  "action": {
    "misuse": {
      "variety": [
        "Privilege abuse"
      ],
      "vector": [
        "LAN access"
      ]
    }
  },
  "actor": {
    "internal": {
      "motive": [
        "Unknown"
      ],
      "variety": [
        "Unknown"
      ]
    }
  },
  "asset": {
    "assets": [
      {
        "variety": "S - Database"
      }
    ]
  },
  "attribute": {
    "confidentiality": {
      "data": [
        {
          "variety": "Other"
        }
      ],
      "data_disclosure": "Yes",
      "data_victim": [
        "Other"
      ],
      "state": [
        "Stored"
      ]
    }
  },
  "discovery_method": "Int - IT review",
  "impact": {
    "overall_rating": "Unknown"
  },
  "incident_id": "022DD596-EED0-4728-804F-22E0B84C803C",
  "plus": {
    "analysis_status": "First pass",
    "analyst": "swidup",
    "attribute": {
      "confidentiality": {
        "credit_monitoring": "U"
      }
    },
    "created": "2013-09-28T06:30:00Z",
    "github": "398",
    "master_id": "022DD596-EED0-4728-804F-22E0B84C803C",
    "modified": "2014-05-10T00:58:18Z",
    "timeline": {
      "notification": {
        "year": 2013
      }
    }
  },
  "reference": "http://www.grassley.senate.gov/judiciary/upload/NSA-Surveillance-09-11-13-response-from-IG-to-intentional-misuse-of-NSA-authority.pdf",
  "schema_version": "1.3.1",
  "security_incident": "Confirmed",
  "source_id": "vcdb",
  "summary": "In 2008, the NSA OIG was notified that a SIGINT audit had discovered a possible violation of USSID 18.  An investigation revealed that, while reviewing the communications of a valid intelligence target, the subject determined that the intelligence target had a relative in the U.S.  The subject queried the SIGINT system for the email address of the intelligence target in 2008 and used other search terms to obtain information about the target's relative.",
  "timeline": {
    "incident": {
      "year": 2008
    }
  },
  "victim": {
    "country": [
      "US"
    ],
    "employee_count": "25001 to 50000",
    "industry": "92811",
    "region": [
      "019021"
    ],
    "state": "DC",
    "victim_id": "US National Security Agency (NSA)"
  }
}