{
  "action": {
    "misuse": {
      "variety": [
        "Knowledge abuse"
      ], 
      "vector": [
        "Physical access"
      ]
    }
  }, 
  "actor": {
    "external": {
      "country": [
        "Unknown"
      ], 
      "motive": [
        "Unknown", 
        "Convenience"
      ], 
      "region": [
        "000000"
      ], 
      "variety": [
        "Former employee"
      ]
    }
  }, 
  "asset": {
    "assets": [
      {
        "variety": "M - Flash drive"
      }
    ]
  }, 
  "attribute": {
    "confidentiality": {
      "data": [
        {
          "variety": "Secrets"
        }
      ], 
      "data_disclosure": "Yes", 
      "data_victim": [
        "Partner"
      ], 
      "state": [
        "Unknown"
      ]
    }
  }, 
  "discovery_method": "Unknown", 
  "impact": {
    "overall_rating": "Unknown"
  }, 
  "incident_id": "0252D6A8-D377-45B0-AC48-FF389A8D6B2D", 
  "plus": {
    "analysis_status": "Finalized", 
    "analyst": "Robert-Topper", 
    "attribute": {
      "confidentiality": {
        "credit_monitoring": "U", 
        "data_misuse": "Y"
      }
    }, 
    "created": "2016-09-27T23:23:00Z", 
    "dbir_year": 2017, 
    "github": "6966", 
    "master_id": "0252D6A8-D377-45B0-AC48-FF389A8D6B2D", 
    "modified": "2016-09-27T23:23:00Z", 
    "sub_source": "VCDB", 
    "timeline": {
      "notification": {
        "month": 1, 
        "year": 2016
      }
    }
  }, 
  "reference": "https://chrisdale.wordpress.com/2016/01/05/a-failed-attempt-to-overwrite-stolen-company-data/", 
  "schema_version": "1.3", 
  "security_incident": "Confirmed", 
  "source_id": "vcdb", 
  "summary": "trade secrets covered up with music on thumb drive", 
  "timeline": {
    "incident": {
      "month": 2, 
      "year": 2015
    }
  }, 
  "victim": {
    "country": [
      "GB"
    ], 
    "employee_count": "101 to 1000", 
    "industry": "5179", 
    "locations_affected": 1, 
    "region": [
      "150154"
    ], 
    "victim_id": "INTERCITY TELECOM LIMITED"
  }
}