{
  "action": {
    "physical": {
      "variety": [
        "Theft",
        "Disabled controls"
      ],
      "vector": [
        "Personal vehicle"
      ]
    }
  },
  "actor": {
    "external": {
      "country": [
        "Unknown"
      ],
      "motive": [
        "Unknown"
      ],
      "notes": "unknown",
      "region": [
        "000000"
      ],
      "variety": [
        "Unknown"
      ]
    }
  },
  "asset": {
    "assets": [
      {
        "variety": "M - Smart card"
      }
    ]
  },
  "attribute": {
    "availability": {
      "variety": [
        "Loss"
      ]
    },
    "confidentiality": {
      "data": [
        {
          "amount": 18000,
          "variety": "Personal"
        }
      ],
      "data_disclosure": "Potentially",
      "data_total": 18000,
      "data_victim": [
        "Patient"
      ],
      "state": [
        "Stored unencrypted"
      ]
    }
  },
  "discovery_method": "Other",
  "impact": {
    "overall_rating": "Unknown"
  },
  "incident_id": "02558E0B-13F5-4CA7-91AB-F0DCF7222A8D",
  "plus": {
    "analysis_status": "First pass",
    "analyst": "dhylender",
    "attribute": {
      "confidentiality": {
        "credit_monitoring": "U"
      }
    },
    "created": "2013-10-28T06:35:00Z",
    "github": "500",
    "master_id": "02558E0B-13F5-4CA7-91AB-F0DCF7222A8D",
    "modified": "2014-05-10T00:58:18Z",
    "timeline": {
      "notification": {
        "day": 7,
        "month": 10,
        "year": 2013
      }
    }
  },
  "reference": "http://www.peelregion.ca/news/archiveitem.asp?year=2013&month=9&day=7&file=201397.xml ; http://www.bramptonguardian.com/news-story/4144697-region-employee-who-lost-private-information-breached-protocol/",
  "schema_version": "1.3.1",
  "security_incident": "Confirmed",
  "source_id": "vcdb",
  "summary": "An SD card that was not encrypted was inside a bag that was stolen from an employee's car. The card contained the name, address, birth date/age, marital status and assessment information of clients.",
  "timeline": {
    "incident": {
      "day": 24,
      "month": 9,
      "year": 2013
    }
  },
  "victim": {
    "country": [
      "CA"
    ],
    "employee_count": "Unknown",
    "industry": "000",
    "region": [
      "019021"
    ],
    "victim_id": "Region of Peel"
  }
}