{
  "action": {
    "error": {
      "variety": [
        "Publishing error"
      ],
      "vector": [
        "Unknown"
      ]
    }
  },
  "actor": {
    "internal": {
      "motive": [
        "NA"
      ],
      "variety": [
        "Unknown",
        "System admin",
        "Developer"
      ]
    }
  },
  "asset": {
    "assets": [
      {
        "variety": "S - Database"
      }
    ]
  },
  "attribute": {
    "confidentiality": {
      "data": [
        {
          "variety": "Personal"
        }
      ],
      "data_disclosure": "Potentially",
      "data_victim": [
        "Customer"
      ],
      "state": [
        "Unknown"
      ]
    }
  },
  "discovery_method": "Ext - customer",
  "impact": {
    "overall_rating": "Unknown"
  },
  "incident_id": "02695CBB-206C-4DFC-ADF3-6D5C16643123",
  "plus": {
    "analysis_status": "Finalized",
    "analyst": "Robert-Topper",
    "attribute": {
      "confidentiality": {
        "credit_monitoring": "U"
      }
    },
    "created": "2016-10-20T12:02:00Z",
    "dbir_year": 2017,
    "github": "8630",
    "master_id": "02695CBB-206C-4DFC-ADF3-6D5C16643123",
    "modified": "2016-10-20T12:09:00Z",
    "sub_source": "VCDB",
    "timeline": {
      "notification": {
        "day": 13,
        "month": 10,
        "year": 2016
      }
    }
  },
  "reference": "https://www.occrp.org/en/daily/5717-sarunas-cerniauskas?src=ilaw",
  "schema_version": "1.3.1",
  "security_incident": "Confirmed",
  "source_id": "vcdb",
  "summary": "Technical flaws in a voter support site ",
  "timeline": {
    "incident": {
      "month": 10,
      "year": 2016
    }
  },
  "victim": {
    "country": [
      "LT"
    ],
    "employee_count": "Small",
    "industry": "511210",
    "region": [
      "150154"
    ],
    "victim_id": "Tieto Lietuva"
  }
}