{
  "action": {
    "hacking": {
      "variety": [
        "Unknown"
      ],
      "vector": [
        "Web application"
      ]
    }
  },
  "actor": {
    "external": {
      "country": [
        "Unknown"
      ],
      "motive": [
        "Unknown"
      ],
      "region": [
        "000000"
      ],
      "variety": [
        "Unknown"
      ]
    }
  },
  "asset": {
    "assets": [
      {
        "variety": "S - Web application"
      }
    ]
  },
  "attribute": {
    "confidentiality": {
      "data": [
        {
          "amount": 1000,
          "variety": "Personal"
        }
      ],
      "data_disclosure": "Potentially",
      "data_total": 1000,
      "data_victim": [
        "Employee"
      ],
      "state": [
        "Stored"
      ]
    }
  },
  "discovery_method": "Int - reported by employee",
  "discovery_notes": "The attack was discovered by an office secretary in April",
  "impact": {
    "overall_rating": "Unknown"
  },
  "incident_id": "02811E58-2E80-4DBB-B43B-8F4F077C2EFB",
  "plus": {
    "analysis_status": "Finalized",
    "analyst": "Robert-Topper",
    "attribute": {
      "confidentiality": {
        "credit_monitoring": "U"
      }
    },
    "created": "2016-09-19T18:04:00Z",
    "dbir_year": 2017,
    "github": "7851",
    "master_id": "02811E58-2E80-4DBB-B43B-8F4F077C2EFB",
    "modified": "2016-09-19T18:08:00Z",
    "sub_source": "VCDB",
    "timeline": {
      "notification": {
        "day": 21,
        "month": 6,
        "year": 2016
      }
    }
  },
  "reference": "http://www.databreaches.net/ny-holley-central-school-district-investigates-possible-hacking/; http://www.democratandchronicle.com/story/money/business/2016/06/21/holley-school-district-info-exposed-in-cyber-attack/86174856/",
  "schema_version": "1.3.1",
  "security_incident": "Confirmed",
  "source_id": "vcdb",
  "summary": "school server hacked",
  "timeline": {
    "incident": {
      "month": 4,
      "year": 2016
    }
  },
  "victim": {
    "country": [
      "US"
    ],
    "employee_count": "101 to 1000",
    "industry": "611110",
    "locations_affected": 1,
    "region": [
      "019021"
    ],
    "state": "NY",
    "victim_id": "Holley Central School District"
  }
}