{
  "action": {
    "malware": {
      "variety": [
        "Ransomware"
      ],
      "vector": [
        "Unknown"
      ]
    }
  },
  "actor": {
    "external": {
      "country": [
        "Unknown"
      ],
      "motive": [
        "Unknown"
      ],
      "region": [
        "000000"
      ],
      "variety": [
        "Unknown"
      ]
    }
  },
  "asset": {
    "assets": [
      {
        "variety": "Unknown"
      }
    ]
  },
  "attribute": {
    "confidentiality": {
      "data": [
        {
          "variety": "Medical"
        }
      ],
      "data_disclosure": "Potentially",
      "data_victim": [
        "Patient"
      ],
      "state": [
        "Stored"
      ]
    },
    "integrity": {
      "variety": [
        "Software installation",
        "Modify data"
      ]
    }
  },
  "discovery_method": "Ext - actor disclosure",
  "impact": {
    "overall_rating": "Unknown"
  },
  "incident_id": "029ACFBC-720D-41DB-92D4-F719E149A920",
  "plus": {
    "analysis_status": "Finalized",
    "analyst": "swidup",
    "attribute": {
      "confidentiality": {
        "credit_monitoring": "U"
      }
    },
    "created": "2016-10-20T22:23:00Z",
    "dbir_year": 2017,
    "github": "7808",
    "master_id": "029ACFBC-720D-41DB-92D4-F719E149A920",
    "modified": "2016-10-20T22:31:00Z",
    "sub_source": "PHIDBR",
    "timeline": {
      "notification": {
        "year": 2016
      }
    }
  },
  "reference": "http://www.databreaches.net/kansas-heart-hospital-hit-by-ransomware/; https://nakedsecurity.sophos.com/2016/05/25/ransomware-hit-hospital-faces-second-demand-despite-paying-up/",
  "schema_version": "1.3.1",
  "security_incident": "Confirmed",
  "source_id": "vcdb",
  "summary": "Ransomware attack.",
  "timeline": {
    "incident": {
      "year": 2016
    }
  },
  "victim": {
    "country": [
      "US"
    ],
    "employee_count": "Unknown",
    "industry": "622110",
    "region": [
      "019021"
    ],
    "state": "KS",
    "victim_id": "Kansas Heart Hospital"
  }
}