{
  "action": {
    "hacking": {
      "notes": "It looks like the hack was made targeting the IP 213.130.121.229, that is the server connected to mobile applications. That IP address was hosting apps.qnb.com and apps.qnb.com.qa according to VirusTotal registry. The bank [made] a big mistake running known vulnerable software",
      "variety": [
        "SQLi"
      ],
      "vector": [
        "Web application"
      ]
    }
  },
  "actor": {
    "external": {
      "country": [
        "Unknown"
      ],
      "motive": [
        "Financial"
      ],
      "name": [
        "(@bozkurthackers"
      ],
      "region": [
        "000000"
      ],
      "variety": [
        "Organized crime",
        "Unknown"
      ]
    }
  },
  "asset": {
    "assets": [
      {
        "variety": "S - Web application"
      }
    ]
  },
  "attribute": {
    "confidentiality": {
      "data": [
        {
          "amount": 1000000,
          "variety": "Payment"
        },
        {
          "variety": "Personal"
        }
      ],
      "data_disclosure": "Yes",
      "data_total": 1000000,
      "data_victim": [
        "Customer"
      ],
      "state": [
        "Stored"
      ]
    },
    "integrity": {
      "variety": [
        "Repurpose"
      ]
    }
  },
  "discovery_method": "Ext - actor disclosure",
  "impact": {
    "overall_rating": "Unknown"
  },
  "incident_id": "02B07D0D-57AC-4892-9AC9-5154AC896FD3",
  "plus": {
    "analysis_status": "Finalized",
    "analyst": "Robert-Topper",
    "attribute": {
      "confidentiality": {
        "credit_monitoring": "U",
        "data_misuse": "Y"
      }
    },
    "created": "2016-10-31T12:55:00Z",
    "dbir_year": 2017,
    "github": "7628",
    "master_id": "02B07D0D-57AC-4892-9AC9-5154AC896FD3",
    "modified": "2016-10-31T13:06:00Z",
    "sub_source": "VCDB",
    "timeline": {
      "notification": {
        "day": 1,
        "month": 5,
        "year": 2016
      }
    }
  },
  "reference": "http://www.thenational.ae/business/banking/qatar-national-bank-investigating-alleged-security-breach; http://www.ibtimes.co.uk/qatar-national-bank-leak-security-experts-hint-sql-injection-used-database-hack-1557069; http://blog.trendmicro.co.uk/qatar-bank-breach-lifts-the-veil-on-targeted-attack-strategies/#more-520; http://www.databreaches.net/qatar-national-bank-confirms-limited-hack-reassures-customers/",
  "schema_version": "1.3.1",
  "security_incident": "Confirmed",
  "source_id": "vcdb",
  "summary": "bank database hacked",
  "timeline": {
    "incident": {
      "year": 2015
    }
  },
  "victim": {
    "country": [
      "QA"
    ],
    "employee_count": "Large",
    "industry": "522110",
    "region": [
      "142145"
    ],
    "victim_id": "Qatar National Bank"
  }
}