{
  "action": {
    "physical": {
      "variety": [
        "Theft"
      ], 
      "vector": [
        "Personal vehicle"
      ]
    }
  }, 
  "actor": {
    "external": {
      "country": [
        "Unknown"
      ], 
      "motive": [
        "Financial"
      ], 
      "region": [
        "000000"
      ], 
      "variety": [
        "Unknown"
      ]
    }
  }, 
  "asset": {
    "assets": [
      {
        "variety": "U - Laptop"
      }, 
      {
        "variety": "M - Documents"
      }
    ]
  }, 
  "attribute": {
    "availability": {
      "variety": [
        "Loss"
      ]
    }, 
    "confidentiality": {
      "data": [
        {
          "amount": 2815, 
          "variety": "Medical"
        }
      ], 
      "data_disclosure": "Yes", 
      "data_total": 2815, 
      "data_victim": [
        "Patient"
      ], 
      "state": [
        "Stored unencrypted"
      ]
    }
  }, 
  "discovery_method": "Int - reported by employee", 
  "impact": {
    "overall_rating": "Unknown"
  }, 
  "incident_id": "02B5A292-6A2F-4591-BC86-169FDE729A4C", 
  "plus": {
    "analysis_status": "Finalized", 
    "analyst": "swidup", 
    "attribute": {
      "confidentiality": {
        "credit_monitoring": "U"
      }
    }, 
    "created": "2016-07-13T07:07:00Z", 
    "dbir_year": 2016, 
    "github": "6529", 
    "master_id": "02B5A292-6A2F-4591-BC86-169FDE729A4C", 
    "modified": "2016-07-13T07:07:00Z", 
    "sub_source": "PHIDBR", 
    "timeline": {
      "notification": {
        "month": 10, 
        "year": 2015
      }
    }
  }, 
  "reference": "http://wbay.com/2015/10/11/laptop-documents-with-some-wisconsin-humana-members-stolen/; http://www.jsonline.com/business/computer-documents-containing-data-on-some-wisconsin-humana-medicare-subscribers-stolen-b99593880z1-331844871.html", 
  "schema_version": "1.3", 
  "security_incident": "Confirmed", 
  "source_id": "vcdb", 
  "summary": "Documents containing the member identification numbers for about 250 people enrolled in Humana Medicare Advantage plans in Wisconsin were stolen when an employee's vehicle was broken into, Humana said Friday.  The health insurer has been notifying the people this week and will issue new identification numbers and identification cards.  Also, a secure, encrypted laptop computer and files containing the name, date of birth and \"clinic name\" of an additional 2,550 people enrolled in Humana Medicare Advantage plans in Wisconsin were stolen, the company said in a news release.  Cathryn Donaldson, a Humana spokesman, would not explain what the term \"clinic name\" meant.  The company, she said, was not commenting beyond the statement.  The documents did not contain any Social Security numbers or financial information, Humana said. In addition, information on the laptop is encrypted and protected from external access, the company said.  Humana also is contacting the people whose names and birth dates were on the stolen documents.  \"At this point, Humana has no reason to believe that the information has been used inappropriately,\" the company said.", 
  "timeline": {
    "incident": {
      "day": 30, 
      "month": 9, 
      "year": 2015
    }
  }, 
  "victim": {
    "country": [
      "US"
    ], 
    "employee_count": "50001 to 100000", 
    "industry": "524114", 
    "region": [
      "019021"
    ], 
    "state": "KY", 
    "victim_id": "Humana Inc"
  }
}