{
  "action": {
    "hacking": {
      "variety": [
        "Unknown"
      ],
      "vector": [
        "Web application"
      ]
    }
  },
  "actor": {
    "external": {
      "country": [
        "Unknown"
      ],
      "motive": [
        "Financial"
      ],
      "region": [
        "000000"
      ],
      "variety": [
        "Unknown"
      ]
    }
  },
  "asset": {
    "assets": [
      {
        "variety": "S - Web application"
      }
    ]
  },
  "attribute": {
    "availability": {
      "variety": [
        "Loss"
      ]
    },
    "confidentiality": {
      "data": [
        {
          "amount": 1900000,
          "variety": "Credentials"
        }
      ],
      "data_disclosure": "Yes",
      "data_total": 1900000,
      "data_victim": [
        "Customer"
      ],
      "state": [
        "Stored"
      ]
    }
  },
  "discovery_method": "Unknown",
  "impact": {
    "overall_rating": "Unknown"
  },
  "incident_id": "02FD07DC-72FC-4953-B68B-55E21D500705",
  "plus": {
    "analysis_status": "Finalized",
    "analyst": "swidup",
    "attribute": {
      "confidentiality": {
        "credit_monitoring": "U",
        "data_misuse": "Y"
      }
    },
    "created": "2017-01-27T22:34:00Z",
    "dbir_year": 2017,
    "github": "8737",
    "master_id": "02FD07DC-72FC-4953-B68B-55E21D500705",
    "modified": "2017-01-27T22:42:00Z",
    "sub_source": "DBIRPRIORITY",
    "timeline": {
      "notification": {
        "year": 2016
      }
    }
  },
  "reference": "http://denver.cbslocal.com/2016/11/02/coloradan-apologizes-after-1-9-million-photobucket-accounts-hacked/",
  "schema_version": "1.3.1",
  "security_incident": "Confirmed",
  "source_id": "vcdb",
  "summary": "A 29 month prison sentence was handed down on Tuesday to a Colorado man who pleaded guilty to charges involving a massive photo hacking scheme.  Brandon Bourret, of Colorado Springs, pleaded guilty to conspiracy to commit computer fraud.  The FBI tracked Bourret and a colleague down after a total of 1.9 million Photobucket accounts were found to be hacked.  \"All I hear is 'Brandon, wake up! The FBI is here.' They broke in the doors,\" Bourret told CBS4's Rick Sallinger outside the courthouse on Tuesday.  For $20, Bourret had been providing a computer program to access Photobucket accounts designated on as private.  Bourret told CBS4 he didn't realize what he was doing was illegal.  \"I would have had the plug pulled faster than you can get a pizza delivered to your house,\" he said.  But in court, prosecutors said many of the pictures were pornographic and available for extortion. Some were sent to family and co-workers.  ",
  "timeline": {
    "incident": {
      "year": 2016
    }
  },
  "victim": {
    "country": [
      "US"
    ],
    "employee_count": "11 to 100",
    "industry": "51913",
    "region": [
      "019021"
    ],
    "state": "CO",
    "victim_id": "PhotoBucket"
  }
}