{
  "action": {
    "physical": {
      "variety": [
        "Theft"
      ],
      "vector": [
        "Personal vehicle"
      ]
    }
  },
  "actor": {
    "external": {
      "country": [
        "Unknown"
      ],
      "motive": [
        "Financial"
      ],
      "region": [
        "000000"
      ],
      "variety": [
        "Unknown"
      ]
    }
  },
  "asset": {
    "assets": [
      {
        "variety": "U - Laptop"
      }
    ]
  },
  "attribute": {
    "availability": {
      "variety": [
        "Loss"
      ]
    },
    "confidentiality": {
      "data_disclosure": "Potentially",
      "data_victim": [
        "Patient"
      ],
      "state": [
        "Stored unencrypted"
      ]
    }
  },
  "discovery_method": "Int - reported by employee",
  "impact": {
    "loss": [
      {
        "rating": "Unknown",
        "variety": "Asset and fraud"
      },
      {
        "rating": "Unknown",
        "variety": "Brand damage"
      },
      {
        "rating": "Major",
        "variety": "Business disruption"
      },
      {
        "rating": "Unknown",
        "variety": "Operating costs"
      },
      {
        "rating": "Unknown",
        "variety": "Legal and regulatory"
      },
      {
        "rating": "Unknown",
        "variety": "Competitive advantage"
      },
      {
        "rating": "Major",
        "variety": "Response and recovery"
      }
    ],
    "overall_rating": "Unknown"
  },
  "incident_id": "02FE93E3-CB57-4C96-90DA-C17D22C6A12F",
  "plus": {
    "analysis_status": "First pass",
    "analyst": "abooker",
    "asset": {
      "total": "No"
    },
    "attribute": {
      "confidentiality": {
        "credit_monitoring": "Y",
        "data_abuse": "U"
      }
    },
    "created": "2013-04-11T19:06:40Z",
    "f500": "N",
    "master_id": "02FE93E3-CB57-4C96-90DA-C17D22C6A12F",
    "modified": "2014-05-10T00:58:18Z",
    "timeline": {
      "notification": {
        "day": 20,
        "month": 11,
        "year": 2012
      }
    }
  },
  "reference": "http://www.prnewswire.com/news-releases/alere-home-monitoring-announces-theft-of-company-owned-laptop-180227241.html",
  "schema_version": "1.3.1",
  "security_incident": "Confirmed",
  "source_id": "vcdb",
  "summary": "Employee's personal vehicle was broken into and company laptop was stolen ",
  "timeline": {
    "compromise": {
      "unit": "Unknown"
    },
    "containment": {
      "unit": "NA"
    },
    "discovery": {
      "unit": "Months"
    },
    "exfiltration": {
      "unit": "Unknown"
    },
    "incident": {
      "day": 23,
      "month": 9,
      "year": 2012
    }
  },
  "victim": {
    "country": [
      "US"
    ],
    "employee_count": "Over 100000",
    "industry": "621111",
    "region": [
      "019021"
    ],
    "state": "CA",
    "victim_id": "Alere Home Monitoring, Inc."
  }
}