{
  "action": {
    "physical": {
      "variety": [
        "Theft"
      ], 
      "vector": [
        "Personal vehicle"
      ]
    }
  }, 
  "actor": {
    "external": {
      "country": [
        "Unknown"
      ], 
      "motive": [
        "Financial"
      ], 
      "region": [
        "000000"
      ], 
      "variety": [
        "Unknown"
      ]
    }
  }, 
  "asset": {
    "assets": [
      {
        "variety": "U - Laptop"
      }, 
      {
        "variety": "M - Documents"
      }, 
      {
        "variety": "M - Disk drive"
      }
    ]
  }, 
  "attribute": {
    "availability": {
      "variety": [
        "Loss"
      ]
    }, 
    "confidentiality": {
      "data": [
        {
          "variety": "Bank"
        }, 
        {
          "variety": "Internal"
        }
      ], 
      "data_disclosure": "Yes", 
      "data_victim": [
        "Employee"
      ], 
      "state": [
        "Unknown"
      ]
    }
  }, 
  "discovery_method": "Int - reported by employee", 
  "discovery_notes": "employee car broken in to", 
  "impact": {
    "overall_rating": "Unknown"
  }, 
  "incident_id": "02FFCCF5-C38F-4053-8492-FD3142B83E7D", 
  "plus": {
    "analysis_status": "Finalized", 
    "analyst": "adam-schwieger", 
    "attribute": {
      "confidentiality": {
        "credit_monitoring": "U"
      }
    }, 
    "created": "2015-04-29T05:37:00Z", 
    "dbir_year": 2016, 
    "github": "4650", 
    "master_id": "02FFCCF5-C38F-4053-8492-FD3142B83E7D", 
    "modified": "2015-04-29T05:37:00Z", 
    "sub_source": "", 
    "timeline": {
      "notification": {
        "day": 6, 
        "month": 11, 
        "year": 2014
      }
    }
  }, 
  "reference": "http://www.clickorlando.com/news/files-stolen-from-suv-issued-to-groveland-city-manager/29580180", 
  "schema_version": "1.3", 
  "security_incident": "Confirmed", 
  "source_id": "vcdb", 
  "summary": "A Groveland City vehicle was broken into while unlocked in a city managers driveway. Confidential city files, paychecks, a flash drive, and a laptop were taken.", 
  "timeline": {
    "incident": {
      "month": 11, 
      "year": 2014
    }
  }, 
  "victim": {
    "country": [
      "US"
    ], 
    "employee_count": "Unknown", 
    "industry": "921", 
    "locations_affected": 1, 
    "region": [
      "019021"
    ], 
    "state": "FL", 
    "victim_id": "Groveland City"
  }
}