{
  "action": {
    "misuse": {
      "variety": [
        "Possession abuse"
      ],
      "vector": [
        "Physical access"
      ]
    }
  },
  "actor": {
    "internal": {
      "motive": [
        "Financial"
      ],
      "variety": [
        "End-user"
      ]
    }
  },
  "asset": {
    "assets": [
      {
        "variety": "M - Documents"
      }
    ]
  },
  "attribute": {
    "confidentiality": {
      "data": [
        {
          "variety": "Personal"
        }
      ],
      "data_disclosure": "Yes",
      "data_victim": [
        "Patient"
      ],
      "state": [
        "Stored"
      ]
    }
  },
  "discovery_method": "Unknown",
  "impact": {
    "overall_rating": "Unknown"
  },
  "incident_id": "03003650-9E97-4AF9-AEB6-90AF0409AB2D",
  "plus": {
    "analysis_status": "First pass",
    "analyst": "jayjacobs",
    "attribute": {
      "confidentiality": {
        "credit_monitoring": "U"
      }
    },
    "created": "2014-05-01T15:04:00Z",
    "github": "2012",
    "master_id": "03003650-9E97-4AF9-AEB6-90AF0409AB2D",
    "modified": "2014-05-01T15:04:00Z",
    "timeline": {
      "notification": {
        "month": 4,
        "year": 2014
      }
    }
  },
  "reference": "http://www.dothanfirst.com/story/d/story/flowers-hospital-personal-identity-stolen-dothan-a/32968/yMq8-j68U0Oq2YJ3KhpOtw",
  "schema_version": "1.3.1",
  "security_incident": "Confirmed",
  "source_id": "vcdb",
  "summary": "Employee in Hospital Lab was stealing patient data to file fraudulent tax returns.  Unknown amount of records stolen.",
  "timeline": {
    "compromise": {
      "unit": "NA"
    },
    "containment": {
      "unit": "Minutes"
    },
    "discovery": {
      "unit": "Months",
      "value": 10
    },
    "exfiltration": {
      "unit": "NA"
    },
    "incident": {
      "month": 6,
      "year": 2013
    }
  },
  "victim": {
    "country": [
      "US"
    ],
    "employee_count": "1001 to 10000",
    "industry": "622110",
    "locations_affected": 1,
    "region": [
      "019021"
    ],
    "state": "AL",
    "victim_id": "Flowers Hospital"
  }
}