{
  "action": {
    "physical": {
      "variety": [
        "Skimmer"
      ],
      "vector": [
        "Victim public area"
      ]
    }
  },
  "actor": {
    "unknown": {}
  },
  "asset": {
    "assets": [
      {
        "variety": "T - Kiosk"
      }
    ]
  },
  "attribute": {
    "confidentiality": {
      "data": [
        {
          "amount": 44,
          "variety": "Payment"
        }
      ],
      "data_disclosure": "Yes",
      "data_total": 44,
      "data_victim": [
        "Customer"
      ],
      "state": [
        "Processed"
      ]
    },
    "integrity": {
      "variety": [
        "Hardware tampering"
      ]
    }
  },
  "discovery_method": "Int - reported by employee",
  "discovery_notes": "No mention of CPP as method of discovery, article states that the devices were identified on the computers.",
  "impact": {
    "overall_rating": "Unknown"
  },
  "incident_id": "031B28A0-E582-469E-B0D9-188B74CFA991",
  "plus": {
    "analysis_status": "First pass",
    "analyst": "Spitler",
    "attribute": {
      "confidentiality": {
        "credit_monitoring": "U"
      }
    },
    "created": "2014-07-29T14:53:00Z",
    "github": "1579",
    "master_id": "031B28A0-E582-469E-B0D9-188B74CFA991",
    "modified": "2014-07-29T14:53:00Z",
    "timeline": {
      "notification": {
        "day": 11,
        "month": 2,
        "year": 2014
      }
    }
  },
  "reference": "http://www.scmagazine.com/two-skimming-devices-found-on-california-hotel-computers/article/333575/; ",
  "schema_version": "1.3.1",
  "security_incident": "Confirmed",
  "source_id": "vcdb",
  "summary": "Two skimmers were discovered on hotel check-in terminals.",
  "timeline": {
    "incident": {
      "year": 2013
    }
  },
  "victim": {
    "country": [
      "US"
    ],
    "employee_count": "11 to 100",
    "industry": "721110",
    "locations_affected": 1,
    "region": [
      "019021"
    ],
    "state": "CA",
    "victim_id": "Embassy Suites"
  }
}