{
  "action": {
    "physical": {
      "variety": [
        "Theft",
        "Disabled controls"
      ],
      "vector": [
        "Unknown"
      ]
    }
  },
  "actor": {
    "external": {
      "country": [
        "Unknown"
      ],
      "motive": [
        "Financial"
      ],
      "region": [
        "000000"
      ],
      "variety": [
        "Unknown"
      ]
    }
  },
  "asset": {
    "assets": [
      {
        "variety": "S - Database"
      }
    ]
  },
  "attribute": {
    "availability": {
      "variety": [
        "Loss"
      ]
    },
    "confidentiality": {
      "data": [
        {
          "amount": 1000000,
          "variety": "Medical"
        }
      ],
      "data_disclosure": "Potentially",
      "data_total": 1000000,
      "data_victim": [
        "Patient"
      ],
      "state": [
        "Unknown"
      ]
    }
  },
  "discovery_method": "Unknown",
  "impact": {
    "overall_rating": "Unknown"
  },
  "incident_id": "03243494-91F0-41CE-8EFC-BF9E8FD1C4C7",
  "plus": {
    "analysis_status": "First pass",
    "analyst": "swidup",
    "attribute": {
      "confidentiality": {
        "credit_monitoring": "U"
      }
    },
    "created": "2014-02-18T23:40:00Z",
    "master_id": "03243494-91F0-41CE-8EFC-BF9E8FD1C4C7",
    "modified": "2014-05-10T00:58:18Z",
    "timeline": {
      "notification": {
        "month": 2,
        "year": 2007
      }
    }
  },
  "reference": "http://www.tjmcintyre.com/2010/01/childrens-hospital-lost-data-on-1m.html",
  "schema_version": "1.3.1",
  "security_incident": "Confirmed",
  "source_id": "vcdb",
  "summary": "Two computer servers containing the records of almost 1m patients were stolen from the Childrens University hospital in Temple Street in 2007 and have never been recovered.  The data were far more than that lost on stolen bank laptops in recent years. The theft was investigated by the data protection commissioner (DPC) and the gardai after being reported by the Dublin hospital in February 2007. The organisations had decided that there was no need to inform the public, believing there was little chance of the thief being able to access the data.  Patients details, including names, date of birth and reason for admission are thought to have been included.",
  "timeline": {
    "incident": {
      "year": 2007
    }
  },
  "victim": {
    "country": [
      "IE"
    ],
    "employee_count": "Unknown",
    "industry": "622110",
    "region": [
      "150154"
    ],
    "victim_id": "Temple Street Children's Hospital"
  }
}