{
  "action": {
    "hacking": {
      "variety": [
        "Unknown"
      ],
      "vector": [
        "Unknown"
      ]
    }
  },
  "actor": {
    "external": {
      "country": [
        "Unknown"
      ],
      "motive": [
        "Financial"
      ],
      "region": [
        "000000"
      ],
      "variety": [
        "Unknown"
      ]
    }
  },
  "asset": {
    "assets": [
      {
        "variety": "S - Web application"
      }
    ]
  },
  "attribute": {
    "availability": {
      "variety": [
        "Loss"
      ]
    },
    "confidentiality": {
      "data": [
        {
          "amount": 3300000,
          "variety": "Personal"
        }
      ],
      "data_disclosure": "Yes",
      "data_total": 3300000,
      "data_victim": [
        "Customer"
      ],
      "state": [
        "Unknown"
      ]
    }
  },
  "discovery_method": "Unknown",
  "impact": {
    "overall_rating": "Unknown"
  },
  "incident_id": "032C679A-8A51-4826-B131-CB961BE4573F",
  "plus": {
    "analysis_status": "First pass",
    "analyst": "swidup",
    "attribute": {
      "confidentiality": {
        "credit_monitoring": "U"
      }
    },
    "created": "2014-02-19T18:51:00Z",
    "github": "1631",
    "master_id": "032C679A-8A51-4826-B131-CB961BE4573F",
    "modified": "2014-05-10T00:58:18Z",
    "timeline": {
      "notification": {
        "day": 22,
        "month": 12,
        "year": 2011
      }
    }
  },
  "reference": "http://www.databreaches.net/trion-world-hacked/; http://www.zam.com/story.html?story=28613;http://massively.joystiq.com/2011/12/22/trion-worlds-customer-database-hacked-no-evidence-credit-card/; http://doj.nh.gov/consumer/security-breaches/documents/trion-20111221.pdf",
  "schema_version": "1.3.1",
  "security_incident": "Confirmed",
  "source_id": "vcdb",
  "summary": "Trion Worlds has become the latest in a long string of MMO studio security breaches this year, as the company reported an intrusion into its customer database. At risk of compromise were customers' user names, passwords, birthdates, email and billing addresses, and partial credit card info. However, the company states that \"there is no evidence\" that full credit card numbers were stolen at this time.  In a message posted on the Trion Worlds website, the company promises that it is both researching the intrusion and taking steps to increase security. As part of this, all RIFT players will be asked to change passwords and security questions, and their mobile authenticators will need to be reconnected.  The company urges customers to watch their bank statements for questionable activity, and provides customers with resources to get a free credit report and putting a freeze on credit reports.  To compensate customers for the issue, Trion is providing all RIFT players with three extra days of gaming time and a Moneybags' Purse that increases all money looted by 10% in-game.",
  "timeline": {
    "incident": {
      "month": 12,
      "year": 2011
    }
  },
  "victim": {
    "country": [
      "US"
    ],
    "employee_count": "101 to 1000",
    "industry": "511210",
    "region": [
      "019021"
    ],
    "state": "CA",
    "victim_id": "Trion Worlds"
  }
}