{
  "action": {
    "physical": {
      "variety": [
        "Theft"
      ],
      "vector": [
        "Victim work area"
      ]
    }
  },
  "actor": {
    "external": {
      "country": [
        "Unknown"
      ],
      "motive": [
        "Unknown"
      ],
      "region": [
        "000000"
      ],
      "variety": [
        "Unknown"
      ]
    }
  },
  "asset": {
    "assets": [
      {
        "variety": "U - Laptop"
      }
    ]
  },
  "attribute": {
    "availability": {
      "variety": [
        "Loss"
      ]
    },
    "confidentiality": {
      "data": [
        {
          "amount": 3675,
          "variety": "Personal"
        }
      ],
      "data_disclosure": "Potentially",
      "data_total": 3675,
      "data_victim": [
        "Partner"
      ],
      "notes": "901 of those patients was encrypted",
      "state": [
        "Stored unencrypted"
      ]
    }
  },
  "discovery_method": "Int - unknown",
  "impact": {
    "overall_rating": "Unknown"
  },
  "incident_id": "03337515-E57E-4B55-B8A3-0479A6A9292E",
  "plus": {
    "analysis_status": "Finalized",
    "analyst": "Robert-Topper",
    "attribute": {
      "confidentiality": {
        "credit_monitoring": "U"
      }
    },
    "created": "2016-10-13T14:19:00Z",
    "dbir_year": 2017,
    "github": "8407",
    "master_id": "03337515-E57E-4B55-B8A3-0479A6A9292E",
    "modified": "2016-10-13T14:25:00Z",
    "sub_source": "PHIDBR",
    "timeline": {
      "notification": {
        "day": 3,
        "month": 9,
        "year": 2016
      }
    }
  },
  "reference": "https://www.databreaches.net/hk-computer-with-3600-patients-information-stolen/",
  "schema_version": "1.3.1",
  "security_incident": "Confirmed",
  "source_id": "vcdb",
  "summary": "stolen laptop",
  "timeline": {
    "incident": {
      "day": 3,
      "month": 9,
      "year": 2016
    }
  },
  "victim": {
    "country": [
      "HK"
    ],
    "employee_count": "101 to 1000",
    "industry": "612110",
    "locations_affected": 1,
    "region": [
      "142030"
    ],
    "victim_id": "Queen Mary Hospital"
  }
}