{
  "action": {
    "error": {
      "notes": "Allowance of photography of replicable keys",
      "variety": [
        "Gaffe"
      ],
      "vector": [
        "Unknown"
      ]
    }
  },
  "actor": {
    "internal": {
      "motive": [
        "NA"
      ],
      "variety": [
        "Unknown"
      ]
    }
  },
  "asset": {
    "assets": [
      {
        "variety": "Unknown"
      }
    ],
    "notes": "Images and type codes of universal train keys"
  },
  "attribute": {
    "confidentiality": {
      "data": [
        {
          "variety": "Other"
        }
      ],
      "data_disclosure": "Yes",
      "state": [
        "Unknown"
      ]
    }
  },
  "discovery_method": "Ext - unknown",
  "impact": {
    "overall_rating": "Unknown"
  },
  "incident_id": "035070A2-4C45-462A-8ACD-98B49BB10A25",
  "plus": {
    "analysis_status": "Finalized",
    "analyst": "Spitler",
    "attribute": {
      "confidentiality": {
        "credit_monitoring": "U"
      }
    },
    "created": "2016-02-02T18:18:00Z",
    "dbir_year": 2016,
    "github": "6645",
    "master_id": "035070A2-4C45-462A-8ACD-98B49BB10A25",
    "modified": "2016-02-02T18:18:00Z",
    "timeline": {
      "notification": {
        "day": 12,
        "month": 11,
        "year": 2015
      }
    }
  },
  "reference": "http://www.theregister.co.uk/2015/11/12/oz_railway_lets_newspaper_photograph_train_keys/",
  "schema_version": "1.3.1",
  "security_incident": "Confirmed",
  "source_id": "vcdb",
  "summary": "Train keys were photographed and posted online. ",
  "timeline": {
    "compromise": {
      "unit": "NA"
    },
    "incident": {
      "day": 10,
      "month": 11,
      "year": 2015
    }
  },
  "victim": {
    "country": [
      "AU"
    ],
    "employee_count": "Unknown",
    "industry": "485112",
    "region": [
      "009053"
    ],
    "victim_id": "Victoria's Metro Trains"
  }
}