{
  "action": {
    "physical": {
      "variety": [
        "Theft"
      ],
      "vector": [
        "Personal vehicle"
      ]
    }
  },
  "actor": {
    "external": {
      "country": [
        "Unknown"
      ],
      "motive": [
        "Unknown"
      ],
      "region": [
        "000000"
      ],
      "variety": [
        "Unknown"
      ]
    }
  },
  "asset": {
    "assets": [
      {
        "variety": "M - Documents"
      }
    ]
  },
  "attribute": {
    "availability": {
      "variety": [
        "Loss"
      ]
    },
    "confidentiality": {
      "data": [
        {
          "amount": 238,
          "variety": "Medical"
        },
        {
          "amount": 238,
          "variety": "Personal"
        }
      ],
      "data_disclosure": "Yes",
      "data_total": 238,
      "data_victim": [
        "Patient"
      ],
      "notes": "name, birthdate, phone number, medical record, appointment date, account number and diagnosis",
      "state": [
        "Unknown"
      ]
    }
  },
  "discovery_method": "Int - incident response",
  "impact": {
    "overall_rating": "Unknown"
  },
  "incident_id": "035AF392-126D-405C-86D0-E0B4416FA4F3",
  "plus": {
    "analysis_status": "Finalized",
    "analyst": "Robert-Topper",
    "attribute": {
      "confidentiality": {
        "credit_monitoring": "U",
        "data_misuse": "Y"
      }
    },
    "created": "2016-10-03T17:33:00Z",
    "dbir_year": 2017,
    "github": "8375",
    "master_id": "035AF392-126D-405C-86D0-E0B4416FA4F3",
    "modified": "2016-11-07T17:29:00Z",
    "sub_source": "PHIDBR",
    "timeline": {
      "notification": {
        "day": 31,
        "month": 8,
        "year": 2016
      }
    }
  },
  "reference": "http://fox4kc.com/2016/08/31/case-containing-information-on-more-than-200-childrens-mercy-hospital-patients-stolen-from-employees-vehicle/; https://www.databreaches.net/mo-medical-records-for-238-childrens-mercy-hospital-patients-stolen/",
  "schema_version": "1.3.1",
  "security_incident": "Confirmed",
  "source_id": "vcdb",
  "summary": "Medical Records stolen from an employee's locked vehicle ",
  "timeline": {
    "incident": {
      "day": 4,
      "month": 8,
      "year": 2016
    }
  },
  "victim": {
    "country": [
      "US"
    ],
    "employee_count": "1001 to 10000",
    "industry": "622110",
    "locations_affected": 1,
    "region": [
      "019021"
    ],
    "state": "MO",
    "victim_id": "Children's Mercy Hospital"
  }
}