{
  "action": {
    "hacking": {
      "variety": [
        "Unknown"
      ],
      "vector": [
        "Web application"
      ]
    }
  },
  "actor": {
    "external": {
      "country": [
        "Unknown"
      ],
      "motive": [
        "Financial"
      ],
      "region": [
        "000000"
      ],
      "variety": [
        "Organized crime"
      ]
    }
  },
  "asset": {
    "assets": [
      {
        "variety": "S - Web application"
      }
    ]
  },
  "attribute": {
    "confidentiality": {
      "data": [
        {
          "variety": "Credentials"
        },
        {
          "variety": "Payment"
        },
        {
          "variety": "Personal"
        }
      ],
      "data_disclosure": "Yes",
      "data_victim": [
        "Customer"
      ],
      "state": [
        "Stored unencrypted"
      ]
    }
  },
  "discovery_method": "Int - IT review",
  "impact": {
    "loss": [
      {
        "rating": "Unknown",
        "variety": "Asset and fraud"
      },
      {
        "rating": "Unknown",
        "variety": "Brand damage"
      },
      {
        "rating": "Unknown",
        "variety": "Business disruption"
      },
      {
        "rating": "Unknown",
        "variety": "Operating costs"
      },
      {
        "rating": "Unknown",
        "variety": "Legal and regulatory"
      },
      {
        "rating": "Unknown",
        "variety": "Competitive advantage"
      },
      {
        "rating": "Unknown",
        "variety": "Response and recovery"
      }
    ],
    "overall_rating": "Unknown"
  },
  "incident_id": "036335D2-78B1-4348-AFCF-ACE8203AF1CF",
  "plus": {
    "analysis_status": "First pass",
    "analyst": "blackfist",
    "asset": {
      "total": "No"
    },
    "attribute": {
      "confidentiality": {
        "credit_monitoring": "U",
        "data_abuse": "Y"
      }
    },
    "created": "2013-02-15T16:56:39Z",
    "f500": "N",
    "master_id": "036335D2-78B1-4348-AFCF-ACE8203AF1CF",
    "modified": "2014-05-10T00:58:18Z",
    "timeline": {
      "notification": {
        "day": 24,
        "month": 1,
        "year": 2012
      }
    }
  },
  "reference": "http://www.tuscaloosanews.com/article/20120125/NEWS/120129865 (20130215) http://blog.al.com/breaking/2012/01/tide_fans_ordering_from_bamast.html (20130215)",
  "schema_version": "1.3.1",
  "security_incident": "Confirmed",
  "source_id": "vcdb",
  "summary": "Hackers breach college bookstore website and stole non-public data",
  "timeline": {
    "compromise": {
      "unit": "Unknown"
    },
    "containment": {
      "unit": "Hours"
    },
    "discovery": {
      "unit": "Days"
    },
    "exfiltration": {
      "unit": "Unknown"
    },
    "incident": {
      "day": 16,
      "month": 1,
      "year": 2012
    }
  },
  "victim": {
    "country": [
      "US"
    ],
    "employee_count": "11 to 100",
    "industry": "451211",
    "notes": "University of Alabama bookstore, bamastuff.com",
    "region": [
      "019021"
    ],
    "revenue": {
      "amount": 2800000,
      "iso_currency_code": "USD"
    },
    "state": "AL",
    "victim_id": "Alabama Book Store, Inc."
  }
}