{
  "action": {
    "hacking": {
      "variety": [
        "Brute force"
      ],
      "vector": [
        "Unknown"
      ]
    }
  },
  "actor": {
    "external": {
      "country": [
        "Unknown"
      ],
      "motive": [
        "Unknown"
      ],
      "region": [
        "000000"
      ],
      "variety": [
        "Unknown"
      ]
    }
  },
  "asset": {
    "assets": [
      {
        "variety": "Unknown"
      }
    ]
  },
  "attribute": {
    "confidentiality": {
      "data": [
        {
          "variety": "Classified"
        }
      ],
      "data_disclosure": "Unknown",
      "data_total": 2000000,
      "data_victim": [
        "Customer"
      ],
      "notes": "Passwords on to the site was released online for the public.  ",
      "state": [
        "Stored"
      ]
    }
  },
  "discovery_method": "Unknown",
  "impact": {
    "overall_rating": "Unknown"
  },
  "incident_id": "037B7432-60E7-4B1D-8904-0A1D513DB382",
  "notes": "Last.fm is a popular music website.  ",
  "plus": {
    "analysis_status": "First pass",
    "analyst": "abooker",
    "asset": {
      "total": "No"
    },
    "attribute": {
      "confidentiality": {
        "credit_monitoring": "U",
        "data_abuse": "U"
      }
    },
    "created": "2013-02-15T19:47:11Z",
    "f500": "N",
    "master_id": "037B7432-60E7-4B1D-8904-0A1D513DB382",
    "modified": "2014-05-10T00:58:18Z",
    "timeline": {
      "notification": {
        "month": 6,
        "year": 2012
      }
    }
  },
  "reference": "http://www.csmonitor.com/Innovation/Horizons/2012/0607/In-wake-of-LinkedIn-hack-Last.fm-confirms-data-breach; http://www.csmonitor.com/Innovation/Tech/2012/0713/LinkedIn-Last.fm-now-Yahoo-Don-t-ignore-news-of-a-password-breach?nav=topic-tag_topic_page-storyList ",
  "schema_version": "1.3.1",
  "security_incident": "Confirmed",
  "source_id": "vcdb",
  "summary": "The music website, Last.fm, was hacked and user passwords were leaked.  ",
  "timeline": {
    "incident": {
      "year": 2012
    }
  },
  "victim": {
    "country": [
      "GB"
    ],
    "employee_count": "11 to 100",
    "industry": "515120",
    "notes": "Television broadcasting stations, nsk",
    "region": [
      "150154"
    ],
    "revenue": {
      "amount": 13000000,
      "iso_currency_code": "USD"
    },
    "victim_id": "Last.fm"
  }
}