{
  "action": {
    "error": {
      "variety": [
        "Misdelivery"
      ], 
      "vector": [
        "Unknown"
      ]
    }
  }, 
  "actor": {
    "internal": {
      "motive": [
        "NA"
      ], 
      "variety": [
        "Unknown", 
        "Human resources"
      ]
    }
  }, 
  "asset": {
    "assets": [
      {
        "variety": "M - Documents"
      }
    ]
  }, 
  "attribute": {
    "confidentiality": {
      "data": [
        {
          "amount": 264, 
          "variety": "Personal"
        }
      ], 
      "data_disclosure": "Yes", 
      "data_total": 264, 
      "data_victim": [
        "Employee"
      ], 
      "state": [
        "Transmitted unencrypted"
      ]
    }
  }, 
  "discovery_method": "Int - reported by employee", 
  "discovery_notes": "The college was reportedly able to recall/retrieve the emails from the faculty mail boxes, but it's not clear whether any of them had downloaded it already", 
  "impact": {
    "overall_rating": "Unknown"
  }, 
  "incident_id": "037E9EF5-5D0E-44E6-896F-A6274CE57A65", 
  "plus": {
    "analysis_status": "Finalized", 
    "analyst": "Robert-Topper", 
    "attribute": {
      "confidentiality": {
        "credit_monitoring": "U"
      }
    }, 
    "created": "2016-09-15T19:25:00Z", 
    "dbir_year": 2017, 
    "github": "7341", 
    "master_id": "037E9EF5-5D0E-44E6-896F-A6274CE57A65", 
    "modified": "2016-09-15T19:25:00Z", 
    "sub_source": "VCDB", 
    "timeline": {
      "notification": {
        "year": 2016
      }
    }
  }, 
  "reference": "http://www.pahomepage.com/news/lccc-data-mistake-impacts-faculty-and-staff; https://www.databreaches.net/pa-luzerne-county-community-college-email-gaffe-exposed-faculty-ssns-w-2-info/", 
  "schema_version": "1.3", 
  "security_incident": "Confirmed", 
  "source_id": "vcdb", 
  "summary": "email sent with PII", 
  "timeline": {
    "incident": {
      "day": 2, 
      "month": 3, 
      "year": 2016
    }
  }, 
  "victim": {
    "country": [
      "US"
    ], 
    "employee_count": "101 to 1000", 
    "industry": "611310", 
    "locations_affected": 1, 
    "region": [
      "019021"
    ], 
    "state": "PA", 
    "victim_id": "Luzerne County Community College"
  }
}