{
  "action": {
    "physical": {
      "variety": [
        "Skimmer"
      ], 
      "vector": [
        "Victim public area"
      ]
    }
  }, 
  "actor": {
    "external": {
      "country": [
        "Unknown"
      ], 
      "motive": [
        "Financial"
      ], 
      "region": [
        "000000"
      ], 
      "variety": [
        "Unknown"
      ]
    }
  }, 
  "asset": {
    "assets": [
      {
        "variety": "T - ATM"
      }
    ], 
    "governance": [
      "3rd party owned"
    ]
  }, 
  "attribute": {
    "confidentiality": {
      "data": [
        {
          "variety": "Payment"
        }
      ], 
      "data_disclosure": "Yes", 
      "data_victim": [
        "Customer"
      ], 
      "state": [
        "Transmitted"
      ]
    }
  }, 
  "discovery_method": "Ext - law enforcement", 
  "impact": {
    "overall_rating": "Unknown"
  }, 
  "incident_id": "03907210-D856-438D-B5AD-9B169BA84172", 
  "plus": {
    "analysis_status": "Finalized", 
    "analyst": "Robert-Topper", 
    "attribute": {
      "confidentiality": {
        "credit_monitoring": "U", 
        "data_misuse": "Y"
      }
    }, 
    "created": "2016-09-14T19:21:00Z", 
    "dbir_year": 2017, 
    "github": "7046", 
    "master_id": "03907210-D856-438D-B5AD-9B169BA84172", 
    "modified": "2016-09-14T19:21:00Z", 
    "sub_source": "VCDB", 
    "timeline": {
      "notification": {
        "month": 1, 
        "year": 2016
      }
    }
  }, 
  "reference": "http://www.nydailynews.com/new-york/nyc-crime/cops-hunt-2-atm-skimming-gangs-stolen-16-6g-article-1.2501304; http://www.metro.us/new-york/photos-police-seek-two-separate-atm-skimming-duos/zsJpas---rHuaD73W5lrg/", 
  "schema_version": "1.3", 
  "security_incident": "Confirmed", 
  "source_id": "vcdb", 
  "summary": "ATM Skimmer", 
  "timeline": {
    "incident": {
      "month": 9, 
      "year": 2015
    }
  }, 
  "victim": {
    "country": [
      "US"
    ], 
    "employee_count": "11 to 100", 
    "industry": "446110", 
    "locations_affected": 1, 
    "region": [
      "019021"
    ], 
    "state": "NY", 
    "victim_id": "CVS pharmacy"
  }
}