{
  "action": {
    "hacking": {
      "variety": [
        "XSS"
      ],
      "vector": [
        "Web application"
      ]
    }
  },
  "actor": {
    "external": {
      "country": [
        "Unknown"
      ],
      "motive": [
        "Ideology"
      ],
      "notes": "Anonymous Peru",
      "region": [
        "000000"
      ],
      "variety": [
        "Activist"
      ]
    }
  },
  "asset": {
    "assets": [
      {
        "variety": "S - Web application"
      }
    ]
  },
  "attribute": {
    "availability": {
      "variety": [
        "Loss"
      ]
    },
    "integrity": {
      "notes": " \"It's great to be Singaporean today,\" read a mocking headline in a section of www.pmo.gov.sg next to the group's trademark Guy Fawkes mask, a symbol of anti-establishment defiance worldwide.  Next to it was another image saying: \"PM Lee warns hackers: We will track you down -- even if you think you're 'anonymous'\".  Another message read: \"ANONYMOUS SG WAS HERE BIATCH\", using a pejorative in online youth slang. ",
      "variety": [
        "Modify data"
      ]
    }
  },
  "discovery_method": "Ext - actor disclosure",
  "impact": {
    "overall_rating": "Unknown"
  },
  "incident_id": "03A6168E-7A55-4000-8033-169112A744EA",
  "plus": {
    "analysis_status": "First pass",
    "analyst": "dhylender",
    "created": "2013-11-10T02:48:00Z",
    "github": "779",
    "master_id": "03A6168E-7A55-4000-8033-169112A744EA",
    "modified": "2014-05-10T19:23:22Z",
    "timeline": {
      "notification": {
        "day": 7,
        "month": 11,
        "year": 2013
      }
    }
  },
  "reference": "http://www.securityweek.com/singapore-prime-ministers-website-hacked-anonymous",
  "schema_version": "1.3.1",
  "security_incident": "Confirmed",
  "source_id": "vcdb",
  "summary": "Singapore Prime Minister's Office website hacked by Anonymous. \"It's great to be Singaporean today,\" read a mocking headline in a section of www.pmo.gov.sg next to the group's trademark Guy Fawkes mask, a symbol of anti-establishment defiance worldwide. The hacker also warned of further attacks on the tightly governed island's technological infrastructure if demands for greater Internet freedom were not met. Singapore strictly regulates the traditional media. Its new Internet rules have sparked anger in the blogging and social media community, which says the rules are designed to muzzle free expression. Authorities insist the new licensing rules do not impinge on Internet freedom.",
  "timeline": {
    "discovery": {
      "unit": "Minutes"
    },
    "incident": {
      "day": 7,
      "month": 11,
      "year": 2013
    }
  },
  "victim": {
    "country": [
      "SG"
    ],
    "employee_count": "Unknown",
    "industry": "921110",
    "locations_affected": 1,
    "region": [
      "142035"
    ],
    "victim_id": "Singapore Prime Minister's Office"
  }
}