{
  "action": {
    "error": {
      "variety": [
        "Misdelivery"
      ],
      "vector": [
        "Unknown"
      ]
    }
  },
  "actor": {
    "internal": {
      "motive": [
        "NA"
      ],
      "variety": [
        "Unknown"
      ]
    }
  },
  "asset": {
    "assets": [
      {
        "variety": "M - Documents"
      }
    ]
  },
  "attribute": {
    "confidentiality": {
      "data": [
        {
          "amount": 1,
          "variety": "Medical"
        }
      ],
      "data_disclosure": "Yes",
      "data_total": 1,
      "data_victim": [
        "Patient"
      ],
      "state": [
        "Stored unencrypted"
      ]
    }
  },
  "discovery_method": "Unknown",
  "impact": {
    "overall_rating": "Unknown"
  },
  "incident_id": "03C3F272-E5F1-45A2-A33C-62ACDB07710E",
  "plus": {
    "analysis_status": "Finalized",
    "analyst": "swidup",
    "attribute": {
      "confidentiality": {
        "credit_monitoring": "U"
      }
    },
    "created": "2016-08-19T22:40:00Z",
    "dbir_year": 2016,
    "github": "5970",
    "master_id": "03C3F272-E5F1-45A2-A33C-62ACDB07710E",
    "modified": "2016-08-19T22:46:00Z",
    "sub_source": "PHIDBR",
    "timeline": {
      "notification": {
        "year": 2015
      }
    }
  },
  "reference": "https://ico.org.uk/media/action-weve-taken/undertakings/1431795/south-west-yorkshire-nhs-trust-undertaking.pdf",
  "schema_version": "1.3.1",
  "security_incident": "Confirmed",
  "source_id": "vcdb",
  "summary": "The Information Commissioner (the 'Commissioner') was informed on 19 July 2013 that the Trust had disclosed a discharge letter relating to one patient to an unrelated third party. On further investigation it was discovered that the two discharge letters both ended up in the same envelope, which was not checked before it was sent. The Trust had in place a Safe Haven Policy which included a section on posting information, but did not cover the need to check documentation containing personal data before it is sent (for any format).  The Commissioner was later informed of four further similar incidents that occurred after this incident. One incident involved a letter being sent to the wrong address following an address not being updated, two involved letters being sent to an address that had been incorrectly written or recorded, and one further case was almost identical to the first reported breach, in that a community treatment order for one individual was placed with a letter intended for another individual.",
  "timeline": {
    "incident": {
      "year": 2015
    }
  },
  "victim": {
    "country": [
      "GB"
    ],
    "employee_count": "Unknown",
    "industry": "622110",
    "region": [
      "150154"
    ],
    "victim_id": "South West Yorkshire Partnership"
  }
}