{
  "action": {
    "error": {
      "variety": [
        "Loss"
      ],
      "vector": [
        "Unknown"
      ]
    }
  },
  "actor": {
    "internal": {
      "motive": [
        "NA"
      ],
      "variety": [
        "Unknown"
      ]
    }
  },
  "asset": {
    "assets": [
      {
        "variety": "M - Documents"
      }
    ]
  },
  "attribute": {
    "availability": {
      "variety": [
        "Loss"
      ]
    },
    "confidentiality": {
      "data": [
        {
          "amount": 13,
          "variety": "Medical"
        }
      ],
      "data_disclosure": "Yes",
      "data_total": 13,
      "data_victim": [
        "Patient"
      ],
      "state": [
        "Unknown"
      ]
    }
  },
  "discovery_method": "Ext - found documents",
  "impact": {
    "overall_rating": "Unknown"
  },
  "incident_id": "03CAED4A-09A9-41D6-B5BD-E19992E6FDA6",
  "plus": {
    "analysis_status": "Finalized",
    "analyst": "Spitler",
    "attribute": {
      "confidentiality": {
        "credit_monitoring": "U"
      }
    },
    "created": "2016-10-19T15:40:00Z",
    "dbir_year": 2017,
    "github": "7461",
    "master_id": "03CAED4A-09A9-41D6-B5BD-E19992E6FDA6",
    "modified": "2016-10-19T15:43:00Z",
    "sub_source": "PHIDBR",
    "timeline": {
      "notification": {
        "day": 26,
        "month": 3,
        "year": 2016
      }
    }
  },
  "reference": "http://www.independent.ie/regionals/argus/news/patients-data-found-lying-on-the-footpath-34562410.html",
  "schema_version": "1.3.1",
  "security_incident": "Confirmed",
  "source_id": "vcdb",
  "summary": "Document found by jogger featured PHI",
  "timeline": {
    "compromise": {
      "unit": "NA"
    },
    "exfiltration": {
      "unit": "NA"
    },
    "incident": {
      "month": 3,
      "year": 2016
    }
  },
  "victim": {
    "country": [
      "IE"
    ],
    "employee_count": "Unknown",
    "industry": "622110",
    "region": [
      "150154"
    ],
    "victim_id": "Our Lady of Lourdes Hospital"
  }
}