{
  "action": {
    "hacking": {
      "variety": [
        "Unknown"
      ],
      "vector": [
        "Unknown"
      ]
    },
    "malware": {
      "variety": [
        "Ram scraper"
      ],
      "vector": [
        "Unknown"
      ]
    }
  },
  "actor": {
    "external": {
      "country": [
        "Unknown"
      ],
      "motive": [
        "Financial"
      ],
      "region": [
        "000000"
      ],
      "variety": [
        "Organized crime"
      ]
    }
  },
  "asset": {
    "assets": [
      {
        "variety": "S - Web application"
      }
    ]
  },
  "attribute": {
    "confidentiality": {
      "data": [
        {
          "variety": "Payment"
        }
      ],
      "data_disclosure": "Potentially",
      "data_victim": [
        "Customer"
      ],
      "state": [
        "Processed"
      ]
    },
    "integrity": {
      "variety": [
        "Software installation"
      ]
    }
  },
  "discovery_method": "Unknown",
  "impact": {
    "overall_rating": "Unknown"
  },
  "incident_id": "03F46DCA-9817-4F4D-8E37-D33761B02651",
  "plus": {
    "analysis_status": "First pass",
    "analyst": "Spitler",
    "attribute": {
      "confidentiality": {
        "credit_monitoring": "Y",
        "credit_monitoring_years": 1
      }
    },
    "created": "2013-09-03T19:01:00Z",
    "master_id": "03F46DCA-9817-4F4D-8E37-D33761B02651",
    "modified": "2014-05-10T00:58:18Z",
    "timeline": {
      "notification": {
        "day": 13,
        "month": 8,
        "year": 2013
      }
    }
  },
  "reference": "http://www.esecurityplanet.com/network-security/creative-banner-assemblies-acknowledges-security-breach.html; http://doj.nh.gov/consumer/security-breaches/documents/creative-banner-20130813.pdf",
  "schema_version": "1.3.1",
  "security_incident": "Confirmed",
  "source_id": "vcdb",
  "summary": "Website compromised and malware installed that captured payment card data out of temporary files. ",
  "timeline": {
    "discovery": {
      "unit": "Weeks",
      "value": 7
    },
    "incident": {
      "day": 1,
      "month": 6,
      "year": 2013
    }
  },
  "victim": {
    "country": [
      "US"
    ],
    "employee_count": "Unknown",
    "industry": "314999",
    "region": [
      "019021"
    ],
    "state": "MN",
    "victim_id": "Creative Banner Assemblies"
  }
}