{
  "action": {
    "misuse": {
      "variety": [
        "Privilege abuse"
      ],
      "vector": [
        "LAN access"
      ]
    }
  },
  "actor": {
    "internal": {
      "motive": [
        "Fun"
      ],
      "notes": "accessed crime files and intelligence database entries relating to two brothers",
      "variety": [
        "Unknown",
        "End-user"
      ]
    }
  },
  "asset": {
    "assets": [
      {
        "variety": "S - Database"
      }
    ],
    "notes": "accessed crime files and intelligence database "
  },
  "attribute": {
    "confidentiality": {
      "data": [
        {
          "amount": 2,
          "variety": "Personal"
        }
      ],
      "data_disclosure": "Yes",
      "data_total": 2,
      "data_victim": [
        "Customer"
      ],
      "state": [
        "Stored encrypted"
      ]
    }
  },
  "discovery_method": "Int - unknown",
  "impact": {
    "overall_rating": "Unknown"
  },
  "incident_id": "0404932F-7D61-4965-BFB5-D7DBBA346069",
  "plus": {
    "analysis_status": "Finalized",
    "analyst": "Robert-Topper",
    "attribute": {
      "confidentiality": {
        "credit_monitoring": "U",
        "data_misuse": "Y"
      }
    },
    "created": "2016-10-19T12:35:00Z",
    "dbir_year": 2017,
    "github": "8589",
    "master_id": "0404932F-7D61-4965-BFB5-D7DBBA346069",
    "modified": "2016-10-19T12:43:00Z",
    "sub_source": "VCDB",
    "timeline": {
      "notification": {
        "month": 10,
        "year": 2016
      }
    }
  },
  "reference": "https://www.thecourier.co.uk/fp/news/local/fife/296691/fife-police-officers-data-protection-breach-trial-begins/",
  "schema_version": "1.3.1",
  "security_incident": "Confirmed",
  "source_id": "vcdb",
  "summary": "illegally accessed crime files and intelligence database entries relating to two brothers",
  "timeline": {
    "incident": {
      "month": 10,
      "year": 2012
    }
  },
  "victim": {
    "country": [
      "GB"
    ],
    "employee_count": "Small",
    "industry": "922120",
    "locations_affected": 1,
    "region": [
      "150154"
    ],
    "victim_id": "Glenrothes CID crime team"
  }
}