{
  "action": {
    "error": {
      "variety": [
        "Misdelivery"
      ],
      "vector": [
        "Unknown"
      ]
    }
  },
  "actor": {
    "internal": {
      "motive": [
        "NA"
      ],
      "variety": [
        "Unknown"
      ]
    }
  },
  "asset": {
    "assets": [
      {
        "variety": "U - Desktop"
      }
    ]
  },
  "attribute": {
    "confidentiality": {
      "data": [
        {
          "variety": "Personal"
        }
      ],
      "data_disclosure": "Yes",
      "data_total": 83000,
      "data_victim": [
        "Customer"
      ],
      "state": [
        "Transmitted unencrypted"
      ]
    }
  },
  "discovery_method": "Int - data loss prevention",
  "impact": {
    "overall_rating": "Unknown"
  },
  "incident_id": "040A2937-FB99-45E0-B9A5-D35A34EA2143",
  "plus": {
    "analysis_status": "First pass",
    "analyst": "bhaskarvk",
    "attribute": {
      "confidentiality": {
        "credit_monitoring": "U"
      }
    },
    "created": "2014-09-08T20:39:00Z",
    "github": "3207",
    "master_id": "040A2937-FB99-45E0-B9A5-D35A34EA2143",
    "modified": "2014-09-08T20:39:00Z",
    "timeline": {
      "notification": {
        "year": 2014
      }
    }
  },
  "reference": "https://www.labour.org.nz/media/eqc-privacy-breach-affects-67000-people",
  "schema_version": "1.3.1",
  "security_incident": "Confirmed",
  "source_id": "vcdb",
  "summary": "Following a disclosure on March 22nd that a privacy breach at New Zealand's Earthquake Commission (EQC) had exposed the personal information of 9,700 claimants, the EQC has now stated that information was exposed regarding all 83,000 people who filed 98,000 claims following the February 2011 Christchurch earthquake.",
  "timeline": {
    "containment": {
      "unit": "Minutes"
    },
    "discovery": {
      "unit": "Minutes"
    },
    "incident": {
      "year": 2014
    }
  },
  "victim": {
    "country": [
      "NZ"
    ],
    "employee_count": "Unknown",
    "industry": "921190",
    "region": [
      "009053"
    ],
    "victim_id": "Earthquake Recovery Commission"
  }
}