{
  "action": {
    "error": {
      "notes": "Due to an error in the design and installation of third-party software", 
      "variety": [
        "Misconfiguration", 
        "Programming error"
      ], 
      "vector": [
        "Unknown"
      ]
    }, 
    "hacking": {
      "variety": [
        "Unknown"
      ], 
      "vector": [
        "Unknown"
      ]
    }
  }, 
  "actor": {
    "external": {
      "country": [
        "Unknown"
      ], 
      "motive": [
        "Unknown"
      ], 
      "region": [
        "000000"
      ], 
      "variety": [
        "Unknown"
      ]
    }, 
    "internal": {
      "job_change": [
        "Hired"
      ], 
      "motive": [
        "Unknown"
      ], 
      "variety": [
        "Unknown"
      ]
    }, 
    "partner": {
      "country": [
        "Unknown"
      ], 
      "industry": "000", 
      "motive": [
        "Unknown"
      ], 
      "region": [
        "000000"
      ]
    }, 
    "unknown": {}
  }, 
  "asset": {
    "assets": [
      {
        "variety": "M - Disk media"
      }, 
      {
        "variety": "S - Database"
      }
    ], 
    "governance": [
      "Unknown"
    ]
  }, 
  "attribute": {
    "confidentiality": {
      "data": [
        {
          "variety": "Medical"
        }, 
        {
          "amount": 7200, 
          "variety": "Personal"
        }
      ], 
      "data_disclosure": "Yes", 
      "data_total": 7200, 
      "data_victim": [
        "Patient"
      ], 
      "notes": "An unauthorized individual gained access to systems used to store ePHI on multiple occasions over a period of 10 months. Affected individuals had a limited amount of PHI exposed on CDs containing X-ray images that were provided to patients.  No Social Security numbers, medical information, Driver's license numbers, or insurance information were exposed, although affected patients did have their name, medical record number, date of birth, and gender exposed as a result of the error.", 
      "state": [
        "Stored unencrypted"
      ]
    }
  }, 
  "discovery_method": "Unknown", 
  "discovery_notes": "The issue involved x-ray CDs that were provided to patients at AFC's Alabaster, Flintridge, and Wetumpka, Alabama clinics, and Smyrna, Tennessee clinic, between the dates of August 26, 2015, through June 14, 2016. Org sent notification to patients July 29th, 2016", 
  "impact": {
    "overall_rating": "Unknown"
  }, 
  "incident_id": "04385EAE-61E0-4565-B3D3-6AD85EFCE567", 
  "plus": {
    "analysis_status": "Finalized", 
    "analyst": "anastasia", 
    "attribute": {
      "confidentiality": {
        "credit_monitoring": "U"
      }
    }, 
    "created": "2016-10-30T00:55:00Z", 
    "dbir_year": 2017, 
    "github": "8192", 
    "master_id": "04385EAE-61E0-4565-B3D3-6AD85EFCE567", 
    "modified": "2016-10-30T00:55:00Z", 
    "sub_source": "PHIDBR", 
    "timeline": {
      "notification": {
        "day": 29, 
        "month": 7, 
        "year": 2016
      }
    }
  }, 
  "reference": "https://www.databreaches.net/american-family-care-notifies-7200-patients-of-breach-involving-phi/; http://www.hipaajournal.com/american-family-care-announces-7200-patient-phi-breach-3529/", 
  "schema_version": "1.3", 
  "security_incident": "Confirmed", 
  "source_id": "vcdb", 
  "summary": "American Family Care notifies 7,200 patients of breach involving PHI   An unauthorized individual gained access to systems used to store ePHI on multiple occasions over a period of 10 months. Affected individuals had a limited amount of PHI exposed on CDs containing X-ray images that were provided to patients.  American Family Care conducted a thorough investigation and determined that there was a fault with the design and installation of third party software which resulted in the PHI of patients being exposed.  The breaches of PHI occurred at four American Family Care Clinics", 
  "timeline": {
    "incident": {
      "day": 26, 
      "month": 8, 
      "year": 2015
    }
  }, 
  "victim": {
    "country": [
      "US"
    ], 
    "employee_count": "1001 to 10000", 
    "industry": "621493", 
    "locations_affected": 4, 
    "region": [
      "019021"
    ], 
    "state": "AL", 
    "victim_id": "American Family Care"
  }
}