{
  "action": {
    "hacking": {
      "variety": [
        "Use of stolen creds"
      ],
      "vector": [
        "Web application"
      ]
    }
  },
  "actor": {
    "external": {
      "country": [
        "Unknown",
        "UA",
        "US"
      ],
      "motive": [
        "Financial"
      ],
      "region": [
        "019021",
        "000000",
        "150151"
      ],
      "variety": [
        "Organized crime",
        "Unknown"
      ]
    }
  },
  "asset": {
    "assets": [
      {
        "variety": "S - Web application"
      },
      {
        "variety": "S - Database"
      }
    ]
  },
  "attribute": {
    "confidentiality": {
      "data": [
        {
          "variety": "Credentials"
        },
        {
          "variety": "Bank"
        }
      ],
      "data_disclosure": "Yes",
      "data_victim": [
        "Customer"
      ],
      "state": [
        "Stored"
      ]
    },
    "integrity": {
      "variety": [
        "Fraudulent transaction"
      ]
    }
  },
  "discovery_method": "Unknown",
  "impact": {
    "overall_rating": "Unknown"
  },
  "incident_id": "0442278A-925C-4C6B-913C-324E11BFB454",
  "notes": "15 victim organizations were affected in this spree. This is modeling the TIAA-CREF incidents. ",
  "plus": {
    "analysis_status": "First pass",
    "analyst": "Spitler",
    "attribute": {
      "confidentiality": {
        "credit_monitoring": "U",
        "data_misuse": "Y"
      }
    },
    "created": "2014-07-22T15:06:00Z",
    "github": "2646",
    "master_id": "0442278A-925C-4C6B-913C-324E11BFB454",
    "modified": "2014-07-22T15:06:00Z",
    "timeline": {
      "notification": {
        "day": 12,
        "month": 6,
        "year": 2013
      }
    }
  },
  "reference": "http://www.justice.gov/usao/nj/Press/files/Sharapka,%20Oleksiy,%20et%20al.%20Arrest%20News%20Release.html; http://www.justice.gov/usao/nj/Press/files/pdffiles/2013/Sharapka,%20Oleksiy%20et%20al.%20Amended%20Complaint.pdf; https://threatpost.com/feds-bust-cybercrime-ring-targeting-payroll-financial-firms;",
  "schema_version": "1.3.1",
  "security_incident": "Confirmed",
  "source_id": "vcdb",
  "summary": "Organized criminal group uses stolen customer credentials to access accounts and transfer money to actor-controlled cards that were then cashed out at US-based ATMs or fraudulent purchases. ",
  "timeline": {
    "incident": {
      "month": 3,
      "year": 2012
    }
  },
  "victim": {
    "country": [
      "US"
    ],
    "employee_count": "1001 to 10000",
    "industry": "525110",
    "region": [
      "019021"
    ],
    "state": "NY",
    "victim_id": "Teachers Insurance and Annuity Association - College Retirement Equities Fund"
  }
}