{
  "action": {
    "hacking": {
      "notes": " server was compromised and the MySQL database was dumped", 
      "variety": [
        "Unknown"
      ], 
      "vector": [
        "Unknown"
      ]
    }
  }, 
  "actor": {
    "external": {
      "country": [
        "Unknown"
      ], 
      "motive": [
        "Unknown", 
        "Financial"
      ], 
      "notes": "On Hell the asking price for the database was 20 bitcoin, or around $8,700. It is unclear if this is how much the data was actually sold ", 
      "region": [
        "000000"
      ], 
      "variety": [
        "Unknown"
      ]
    }
  }, 
  "asset": {
    "assets": [
      {
        "variety": "S - Database"
      }
    ]
  }, 
  "attribute": {
    "confidentiality": {
      "data": [
        {
          "amount": 27000000, 
          "variety": "Personal"
        }
      ], 
      "data_disclosure": "Yes", 
      "data_total": 27000000, 
      "data_victim": [
        "Customer"
      ], 
      "state": [
        "Stored unencrypted"
      ]
    }
  }, 
  "discovery_method": "Ext - customer", 
  "impact": {
    "overall_rating": "Unknown"
  }, 
  "incident_id": "04518D6A-EAC8-41E5-8D80-1320C245363A", 
  "plus": {
    "analysis_status": "Finalized", 
    "analyst": "Robert-Topper", 
    "attribute": {
      "confidentiality": {
        "credit_monitoring": "U", 
        "data_misuse": "Y"
      }
    }, 
    "created": "2016-09-21T18:21:00Z", 
    "dbir_year": 2017, 
    "github": "7299", 
    "master_id": "04518D6A-EAC8-41E5-8D80-1320C245363A", 
    "modified": "2016-09-21T18:21:00Z", 
    "sub_source": "VCDB", 
    "timeline": {
      "notification": {
        "day": 19, 
        "month": 2, 
        "year": 2016
      }
    }
  }, 
  "reference": "http://www.databreaches.net/hacker-claims-to-have-sold-27m-mate1-com-passwords/; http://motherboard.vice.com/read/hacker-claims-to-have-sold-27m-dating-site-passwords-mate1-com-hell-forum", 
  "schema_version": "1.3", 
  "security_incident": "Confirmed", 
  "source_id": "vcdb", 
  "summary": "databased hacked for PII", 
  "timeline": {
    "incident": {
      "year": 2016
    }
  }, 
  "victim": {
    "country": [
      "CA"
    ], 
    "employee_count": "11 to 100", 
    "industry": "812990", 
    "locations_affected": 1, 
    "region": [
      "019021"
    ], 
    "victim_id": "Mate1.com"
  }
}