{
  "action": {
    "physical": {
      "variety": [
        "Theft"
      ],
      "vector": [
        "Unknown"
      ]
    }
  },
  "actor": {
    "external": {
      "country": [
        "Unknown"
      ],
      "motive": [
        "Financial"
      ],
      "region": [
        "000000"
      ],
      "variety": [
        "Unknown"
      ]
    }
  },
  "asset": {
    "assets": [
      {
        "variety": "U - Laptop"
      }
    ]
  },
  "attribute": {
    "availability": {
      "variety": [
        "Loss"
      ]
    },
    "confidentiality": {
      "data": [
        {
          "variety": "Personal"
        }
      ],
      "data_disclosure": "Potentially",
      "data_victim": [
        "Partner"
      ],
      "state": [
        "Stored unencrypted"
      ]
    }
  },
  "discovery_method": "Int - reported by employee",
  "impact": {
    "overall_rating": "Unknown"
  },
  "incident_id": "04583D77-90C0-42C2-B0B8-E034AC1C2F67",
  "plus": {
    "analysis_status": "First pass",
    "analyst": "swidup",
    "asset": {
      "total": "No"
    },
    "attribute": {
      "confidentiality": {
        "credit_monitoring": "N",
        "data_abuse": "U"
      }
    },
    "created": "2013-02-05T17:37:27Z",
    "f500": "N",
    "master_id": "04583D77-90C0-42C2-B0B8-E034AC1C2F67",
    "modified": "2014-05-10T00:58:18Z",
    "timeline": {
      "notification": {
        "day": 5,
        "month": 12,
        "year": 2012
      }
    }
  },
  "reference": "http://oag.ca.gov/system/files/Breach%20Notice%20-%20Final_0.pdf?",
  "schema_version": "1.3.1",
  "security_incident": "Confirmed",
  "source_id": "vcdb",
  "summary": "Laptop stolen, doesn't say where from.  Laptop contained employee personal data including names, addresses, DOB and SSN.",
  "timeline": {
    "incident": {
      "day": 31,
      "month": 10,
      "year": 2012
    }
  },
  "victim": {
    "country": [
      "US"
    ],
    "employee_count": "101 to 1000",
    "industry": "541611",
    "region": [
      "019021"
    ],
    "revenue": {
      "amount": 43900000,
      "iso_currency_code": "USD"
    },
    "state": "MD",
    "victim_id": "Library Systems & Services"
  }
}