{
  "action": {
    "hacking": {
      "variety": [
        "Unknown"
      ],
      "vector": [
        "Web application"
      ]
    }
  },
  "actor": {
    "external": {
      "country": [
        "Unknown"
      ],
      "motive": [
        "Financial"
      ],
      "region": [
        "000000"
      ],
      "variety": [
        "Unknown"
      ]
    },
    "partner": {
      "country": [
        "Unknown"
      ],
      "industry": "000",
      "motive": [
        "Unknown"
      ],
      "region": [
        "000000"
      ]
    }
  },
  "asset": {
    "assets": [
      {
        "variety": "S - Database"
      }
    ],
    "governance": [
      "3rd party managed"
    ]
  },
  "attribute": {
    "confidentiality": {
      "data": [
        {
          "variety": "Personal"
        }
      ],
      "data_disclosure": "Yes",
      "data_victim": [
        "Customer"
      ],
      "notes": "22 gigabytes of data",
      "state": [
        "Stored"
      ]
    }
  },
  "discovery_method": "Int - unknown",
  "impact": {
    "overall_rating": "Unknown"
  },
  "incident_id": "045A7C93-09AA-488C-996C-9E7B12C2CEB9",
  "plus": {
    "analysis_status": "Finalized",
    "analyst": "Robert-Topper",
    "attribute": {
      "confidentiality": {
        "credit_monitoring": "U"
      }
    },
    "created": "2016-11-01T17:59:00Z",
    "dbir_year": 2017,
    "github": "8427",
    "master_id": "045A7C93-09AA-488C-996C-9E7B12C2CEB9",
    "modified": "2016-11-03T04:15:00Z",
    "sub_source": "VCDB",
    "timeline": {
      "notification": {
        "day": 6,
        "month": 9,
        "year": 2016
      }
    }
  },
  "reference": "http://www.dutchnews.nl/news/archives/2016/09/massive-data-breach-at-almelo-municipaility/",
  "schema_version": "1.3.1",
  "security_incident": "Confirmed",
  "source_id": "vcdb",
  "summary": "hacked via partner website",
  "timeline": {
    "incident": {
      "day": 6,
      "month": 9,
      "year": 2016
    }
  },
  "victim": {
    "country": [
      "NL"
    ],
    "employee_count": "101 to 1000",
    "industry": "921110",
    "region": [
      "150155"
    ],
    "victim_id": "Almelo municipaility"
  }
}