{
  "action": {
    "physical": {
      "variety": [
        "Tampering", 
        "Disabled controls", 
        "Surveillance"
      ], 
      "vector": [
        "Victim public area"
      ]
    }
  }, 
  "actor": {
    "external": {
      "country": [
        "Unknown"
      ], 
      "motive": [
        "Financial"
      ], 
      "region": [
        "000000"
      ], 
      "variety": [
        "Unknown"
      ]
    }
  }, 
  "asset": {
    "assets": [
      {
        "variety": "T - ATM"
      }
    ]
  }, 
  "attribute": {
    "confidentiality": {
      "data": [
        {
          "variety": "Bank"
        }
      ], 
      "data_disclosure": "Unknown", 
      "data_victim": [
        "Customer"
      ], 
      "state": [
        "Transmitted"
      ]
    }, 
    "integrity": {
      "variety": [
        "Hardware tampering"
      ]
    }
  }, 
  "discovery_method": "Int - reported by employee", 
  "impact": {
    "overall_rating": "Unknown"
  }, 
  "incident_id": "045DB4FB-AEE2-41FF-9C89-69DB541538E3", 
  "plus": {
    "analysis_status": "Finalized", 
    "analyst": "DaveyBaby", 
    "attribute": {
      "confidentiality": {
        "credit_monitoring": "U"
      }
    }, 
    "created": "2016-08-04T19:44:00Z", 
    "dbir_year": 2017, 
    "github": "8207", 
    "master_id": "045DB4FB-AEE2-41FF-9C89-69DB541538E3", 
    "modified": "2016-08-04T19:44:00Z", 
    "sub_source": "VCDB", 
    "timeline": {
      "notification": {
        "day": 29, 
        "month": 7, 
        "year": 2016
      }
    }
  }, 
  "reference": "http://www.manchestereveningnews.co.uk/news/greater-manchester-news/warning-after-skimming-device-camera-11681279", 
  "schema_version": "1.3", 
  "security_incident": "Confirmed", 
  "source_id": "vcdb", 
  "summary": "A skimming device complete with a camera that record users putting in their pin number has been found at a cash machine in Oldham, England.", 
  "timeline": {
    "incident": {
      "day": 20, 
      "month": 7, 
      "year": 2016
    }
  }, 
  "victim": {
    "country": [
      "GB"
    ], 
    "employee_count": "Unknown", 
    "industry": "000", 
    "region": [
      "150154"
    ], 
    "victim_id": "Lees Road Post Office"
  }
}