{
  "action": {
    "hacking": {
      "variety": [
        "Unknown"
      ], 
      "vector": [
        "Unknown"
      ]
    }
  }, 
  "actor": {
    "external": {
      "country": [
        "Unknown"
      ], 
      "motive": [
        "Financial"
      ], 
      "name": [
        "Websites-hunter"
      ], 
      "region": [
        "000000"
      ], 
      "variety": [
        "Unknown", 
        "Unaffiliated"
      ]
    }
  }, 
  "asset": {
    "assets": [
      {
        "variety": "S - Database"
      }
    ]
  }, 
  "attribute": {
    "confidentiality": {
      "data": [
        {
          "amount": 4400, 
          "variety": "Personal"
        }
      ], 
      "data_disclosure": "Potentially", 
      "data_total": 4400, 
      "data_victim": [
        "Customer"
      ], 
      "state": [
        "Stored"
      ]
    }
  }, 
  "discovery_method": "Ext - actor disclosure", 
  "discovery_notes": "The hack was announced on Twitter on August 31 and on Pastebin on the same day", 
  "impact": {
    "overall_rating": "Unknown"
  }, 
  "incident_id": "045F280C-0B0A-43DD-AF1A-DBE502D2889B", 
  "plus": {
    "analysis_status": "Finalized", 
    "analyst": "Robert-Topper", 
    "attribute": {
      "confidentiality": {
        "credit_monitoring": "U", 
        "data_misuse": "Y"
      }
    }, 
    "created": "2016-09-26T18:23:00Z", 
    "dbir_year": 2017, 
    "github": "8408", 
    "master_id": "045F280C-0B0A-43DD-AF1A-DBE502D2889B", 
    "modified": "2016-09-26T18:23:00Z", 
    "sub_source": "PHIDBR", 
    "timeline": {
      "notification": {
        "day": 31, 
        "month": 8, 
        "year": 2016
      }
    }
  }, 
  "reference": "https://www.databreaches.net/uae-al-zahra-private-medical-centre-hacked/", 
  "schema_version": "1.3", 
  "security_incident": "Confirmed", 
  "source_id": "vcdb", 
  "summary": "hacked last month by the individual calling himself \"websites-hunter\" ", 
  "timeline": {
    "incident": {
      "day": 31, 
      "month": 8, 
      "year": 2016
    }
  }, 
  "victim": {
    "country": [
      "AE"
    ], 
    "employee_count": "101 to 1000", 
    "industry": "622110", 
    "locations_affected": 1, 
    "region": [
      "142145"
    ], 
    "victim_id": "Al Zahra Private Medical Centre"
  }
}