{
  "action": {
    "error": {
      "variety": [
        "Unknown"
      ], 
      "vector": [
        "Unknown"
      ]
    }, 
    "hacking": {
      "variety": [
        "Unknown"
      ], 
      "vector": [
        "Unknown"
      ]
    }
  }, 
  "actor": {
    "external": {
      "country": [
        "Unknown"
      ], 
      "motive": [
        "Financial"
      ], 
      "region": [
        "000000"
      ], 
      "variety": [
        "Unknown"
      ]
    }, 
    "partner": {
      "country": [
        "Unknown"
      ], 
      "industry": "335999", 
      "motive": [
        "Unknown", 
        "NA"
      ], 
      "notes": "Patterson Dental Supply Inc.", 
      "region": [
        "000000"
      ]
    }
  }, 
  "asset": {
    "assets": [
      {
        "variety": "S - Other"
      }
    ], 
    "notes": "FTP Server"
  }, 
  "attribute": {
    "confidentiality": {
      "data": [
        {
          "variety": "Personal"
        }
      ], 
      "data_disclosure": "Yes", 
      "data_victim": [
        "Patient"
      ], 
      "notes": "patient names, dates of birth, and Social Security numbers", 
      "state": [
        "Unknown"
      ]
    }
  }, 
  "discovery_method": "Unknown", 
  "impact": {
    "overall_rating": "Unknown"
  }, 
  "incident_id": "0477D6F0-FCF7-4B41-92D2-3401AE0510F6", 
  "plus": {
    "analysis_status": "Finalized", 
    "analyst": "Robert-Topper", 
    "attribute": {
      "confidentiality": {
        "credit_monitoring": "Y", 
        "credit_monitoring_years": 1, 
        "data_misuse": "Y"
      }
    }, 
    "created": "2016-10-20T16:40:00Z", 
    "dbir_year": 2017, 
    "github": "8383", 
    "master_id": "0477D6F0-FCF7-4B41-92D2-3401AE0510F6", 
    "modified": "2016-10-20T16:40:00Z", 
    "sub_source": "PHIDBR", 
    "timeline": {
      "notification": {
        "day": 30, 
        "month": 8, 
        "year": 2016
      }
    }
  }, 
  "reference": "https://justice.oregon.gov/consumer/DataBreach/Home/GetBreach/1841081963; https://www.databreaches.net/southwest-portland-dental-notifies-patients-of-patterson-dental-breach/", 
  "schema_version": "1.3", 
  "security_incident": "Confirmed", 
  "source_id": "vcdb", 
  "summary": "one or more unauthorized individuals gained access to a network resource site used by SPD and PDSI in 2010 to exchange data between software systems.", 
  "timeline": {
    "incident": {
      "day": 1, 
      "month": 7, 
      "year": 2016
    }
  }, 
  "victim": {
    "country": [
      "US"
    ], 
    "employee_count": "11 to 100", 
    "industry": "621210", 
    "region": [
      "019021"
    ], 
    "state": "OR", 
    "victim_id": "Southwest Portland Dental"
  }
}