{
  "action": {
    "misuse": {
      "variety": [
        "Privilege abuse"
      ],
      "vector": [
        "LAN access"
      ]
    }
  },
  "actor": {
    "internal": {
      "motive": [
        "Unknown",
        "Financial"
      ],
      "variety": [
        "End-user"
      ]
    }
  },
  "asset": {
    "assets": [
      {
        "variety": "S - Database"
      }
    ]
  },
  "attribute": {
    "confidentiality": {
      "data": [
        {
          "variety": "Payment"
        }
      ],
      "data_disclosure": "Yes",
      "data_victim": [
        "Customer"
      ],
      "state": [
        "Stored"
      ]
    },
    "integrity": {
      "variety": [
        "Fraudulent transaction"
      ]
    }
  },
  "discovery_method": "Ext - law enforcement",
  "impact": {
    "overall_rating": "Unknown"
  },
  "incident_id": "04B3BB8C-CC73-45DA-8C86-94072414A3E9",
  "plus": {
    "analysis_status": "Finalized",
    "analyst": "Robert-Topper",
    "attribute": {
      "confidentiality": {
        "credit_monitoring": "U"
      }
    },
    "created": "2016-09-09T16:18:00Z",
    "dbir_year": 2017,
    "github": "8259",
    "master_id": "04B3BB8C-CC73-45DA-8C86-94072414A3E9",
    "modified": "2016-11-11T17:31:00Z",
    "sub_source": "VCDB",
    "timeline": {
      "notification": {
        "year": 2016
      }
    }
  },
  "reference": "https://calcoastnews.com/2016/08/santa-maria-insurance-agent-charged-fraud-theft/#sthash.ir9fFZNy.lruwmwXZ.dpbs; https://www.edhat.com/site/tidbit.cfm?nid=173329&showcomments=T",
  "schema_version": "1.3.1",
  "security_incident": "Confirmed",
  "source_id": "vcdb",
  "summary": "insurance fraud",
  "timeline": {
    "incident": {
      "year": 2016
    }
  },
  "victim": {
    "country": [
      "US"
    ],
    "employee_count": "Unknown",
    "industry": "524",
    "region": [
      "019021"
    ],
    "state": "CA"
  }
}