{
  "action": {
    "physical": {
      "variety": [
        "Skimmer"
      ],
      "vector": [
        "Victim public area"
      ]
    }
  },
  "actor": {
    "external": {
      "country": [
        "Unknown"
      ],
      "motive": [
        "Financial"
      ],
      "region": [
        "000000"
      ],
      "variety": [
        "Unknown"
      ]
    }
  },
  "asset": {
    "assets": [
      {
        "variety": "T - PED pad"
      }
    ]
  },
  "attribute": {
    "confidentiality": {
      "data": [
        {
          "variety": "Unknown"
        }
      ],
      "data_disclosure": "Potentially",
      "data_victim": [
        "Customer"
      ],
      "state": [
        "Unknown"
      ]
    },
    "integrity": {
      "variety": [
        "Hardware tampering"
      ]
    }
  },
  "discovery_method": "Ext - law enforcement",
  "impact": {
    "overall_rating": "Unknown"
  },
  "incident_id": "04BC5440-802F-4E5F-ADA6-2A5FA5AB3E71",
  "plus": {
    "analysis_status": "Finalized",
    "analyst": "Robert-Topper",
    "attribute": {
      "confidentiality": {
        "credit_monitoring": "U",
        "data_misuse": "Y"
      }
    },
    "created": "2016-11-08T18:39:00Z",
    "dbir_year": 2017,
    "github": "8702",
    "master_id": "04BC5440-802F-4E5F-ADA6-2A5FA5AB3E71",
    "modified": "2016-11-08T18:48:00Z",
    "sub_source": "VCDB",
    "timeline": {
      "notification": {
        "day": 18,
        "month": 10,
        "year": 2016
      }
    }
  },
  "reference": "http://patch.com/pennsylvania/te/skimming-device-found-king-prussia-mall-store-police",
  "schema_version": "1.3.1",
  "security_incident": "Confirmed",
  "source_id": "vcdb",
  "summary": "skimming device was found recently at the Primark",
  "timeline": {
    "incident": {
      "day": 18,
      "month": 10,
      "year": 2016
    }
  },
  "victim": {
    "country": [
      "US"
    ],
    "employee_count": "10001 to 25000",
    "industry": "3152",
    "locations_affected": 1,
    "region": [
      "019021"
    ],
    "state": "PA",
    "victim_id": "Primark"
  }
}