{
  "action": {
    "physical": {
      "variety": [
        "Theft"
      ], 
      "vector": [
        "Victim work area"
      ]
    }
  }, 
  "actor": {
    "external": {
      "country": [
        "Unknown"
      ], 
      "motive": [
        "Unknown"
      ], 
      "notes": "former employee likely removed one of its patient listings.", 
      "region": [
        "000000"
      ], 
      "variety": [
        "Unknown", 
        "Former employee"
      ]
    }, 
    "internal": {
      "job_change": [
        "Hired"
      ], 
      "motive": [
        "Unknown"
      ], 
      "variety": [
        "Unknown"
      ]
    }
  }, 
  "asset": {
    "assets": [
      {
        "variety": "M - Documents"
      }
    ], 
    "governance": [
      "Personally owned"
    ]
  }, 
  "attribute": {
    "availability": {
      "variety": [
        "Loss"
      ]
    }, 
    "confidentiality": {
      "data": [
        {
          "variety": "Medical"
        }, 
        {
          "variety": "Personal"
        }
      ], 
      "data_disclosure": "Yes", 
      "data_victim": [
        "Patient"
      ], 
      "notes": "The file includes names, addresses, birth dates, providers and health insurance information. ", 
      "state": [
        "Stored unencrypted"
      ]
    }
  }, 
  "discovery_method": "Int - unknown", 
  "discovery_notes": "Mountaintop Area Medical Center in Snowshoe, Centre County said it became aware on May 24 that a former employee likely removed one of its patient listings.", 
  "impact": {
    "overall_rating": "Unknown"
  }, 
  "incident_id": "04C70B4A-353E-4376-BBB9-03E2033C2560", 
  "plus": {
    "analysis_status": "Finalized", 
    "analyst": "anastasia", 
    "attribute": {
      "confidentiality": {
        "credit_monitoring": "U"
      }
    }, 
    "created": "2016-10-29T22:52:00Z", 
    "dbir_year": 2017, 
    "github": "8205", 
    "master_id": "04C70B4A-353E-4376-BBB9-03E2033C2560", 
    "modified": "2016-10-29T22:52:00Z", 
    "sub_source": "PHIDBR", 
    "timeline": {
      "notification": {
        "day": 24, 
        "month": 5, 
        "year": 2016
      }
    }
  }, 
  "reference": "http://www.wearecentralpa.com/news/patient-info-taken-from-medical-center", 
  "schema_version": "1.3", 
  "security_incident": "Confirmed", 
  "source_id": "vcdb", 
  "summary": "Patient info taken from medical center", 
  "timeline": {
    "incident": {
      "year": 2016
    }
  }, 
  "victim": {
    "country": [
      "US"
    ], 
    "employee_count": "Unknown", 
    "industry": "621491", 
    "region": [
      "019021"
    ], 
    "state": "PA", 
    "victim_id": "Mountaintop Area Medical Center"
  }
}