{
  "action": {
    "misuse": {
      "variety": [
        "Privilege abuse"
      ],
      "vector": [
        "LAN access"
      ]
    }
  },
  "actor": {
    "internal": {
      "motive": [
        "Unknown",
        "Financial"
      ],
      "variety": [
        "Finance"
      ]
    }
  },
  "asset": {
    "assets": [
      {
        "variety": "U - Desktop"
      },
      {
        "variety": "S - Unknown"
      }
    ]
  },
  "attribute": {
    "confidentiality": {
      "data": [
        {
          "variety": "Personal"
        }
      ],
      "data_disclosure": "Yes",
      "data_victim": [
        "Customer"
      ],
      "state": [
        "Stored unencrypted"
      ]
    }
  },
  "discovery_method": "Unknown",
  "impact": {
    "overall_rating": "Unknown"
  },
  "incident_id": "04CD66E6-7279-46BC-ABD7-08E05B0949B4",
  "plus": {
    "analysis_status": "First pass",
    "analyst": "blackfist",
    "attribute": {
      "confidentiality": {
        "credit_monitoring": "U",
        "data_misuse": "Y"
      }
    },
    "created": "2014-08-12T14:36:00Z",
    "github": "2862",
    "master_id": "04CD66E6-7279-46BC-ABD7-08E05B0949B4",
    "modified": "2014-08-12T14:36:00Z",
    "timeline": {
      "notification": {
        "day": 12,
        "month": 5,
        "year": 2013
      }
    }
  },
  "reference": "http://7thspace.com/headlines/437588/former_maryland_loan_officer_sentenced_to_42_months_in_prison_for_mortgage_fraud_and_identity_theft.html",
  "schema_version": "1.3.1",
  "security_incident": "Confirmed",
  "source_id": "vcdb",
  "summary": "employee misuses customer data for identity theft purposes",
  "timeline": {
    "incident": {
      "year": 2007
    }
  },
  "victim": {
    "country": [
      "US"
    ],
    "employee_count": "Small",
    "industry": "522390",
    "region": [
      "019021"
    ],
    "state": "MD",
    "victim_id": "Citywide Mortgage"
  }
}