{
  "action": {
    "error": {
      "variety": [
        "Misdelivery"
      ], 
      "vector": [
        "Unknown"
      ]
    }
  }, 
  "actor": {
    "external": {
      "country": [
        "Unknown"
      ], 
      "motive": [
        "Unknown"
      ], 
      "region": [
        "000000"
      ], 
      "variety": [
        "Unknown"
      ]
    }, 
    "internal": {
      "job_change": [
        "Hired"
      ], 
      "motive": [
        "NA"
      ], 
      "variety": [
        "Unknown", 
        "End-user"
      ]
    }
  }, 
  "asset": {
    "assets": [
      {
        "variety": "M - Documents"
      }
    ]
  }, 
  "attribute": {
    "availability": {
      "duration": {
        "unit": "Days", 
        "value": 7
      }, 
      "notes": "By that time the 64-year-old said she had endured a further week's delay in getting a final diagnosis.  \"My concern is the time frame, it's a waste of seven days and because it's an urgent operation I'm furious about it,\" she said. ", 
      "variety": [
        "Interruption"
      ]
    }, 
    "confidentiality": {
      "data": [
        {
          "amount": 1, 
          "variety": "Personal"
        }
      ], 
      "data_disclosure": "Potentially", 
      "data_total": 1, 
      "data_victim": [
        "Employee"
      ], 
      "state": [
        "Transmitted"
      ]
    }
  }, 
  "discovery_method": "Ext - customer", 
  "impact": {
    "overall_rating": "Unknown"
  }, 
  "incident_id": "04D41554-7413-44F8-8274-0C3C2B6054DD", 
  "plus": {
    "analysis_status": "Finalized", 
    "analyst": "Robert-Topper", 
    "attribute": {
      "confidentiality": {
        "credit_monitoring": "U"
      }
    }, 
    "created": "2016-09-14T20:56:00Z", 
    "dbir_year": 2017, 
    "github": "8421", 
    "master_id": "04D41554-7413-44F8-8274-0C3C2B6054DD", 
    "modified": "2016-09-14T20:56:00Z", 
    "sub_source": "VCDB", 
    "timeline": {
      "notification": {
        "year": 2016
      }
    }
  }, 
  "reference": "http://www.theherald.com.au/story/4150618/mail-error-extends-wait-for-tumour-surgery/?cs=2452", 
  "schema_version": "1.3", 
  "security_incident": "Confirmed", 
  "source_id": "vcdb", 
  "summary": "hospital results mailed to wrong address  ", 
  "timeline": {
    "incident": {
      "day": 6, 
      "month": 9, 
      "year": 2016
    }
  }, 
  "victim": {
    "country": [
      "AU"
    ], 
    "employee_count": "1001 to 10000", 
    "industry": "622110", 
    "locations_affected": 1, 
    "region": [
      "009053"
    ], 
    "victim_id": "Bendigo Health"
  }
}