{
  "action": {
    "error": {
      "variety": [
        "Misdelivery"
      ],
      "vector": [
        "Unknown"
      ]
    }
  },
  "actor": {
    "internal": {
      "motive": [
        "NA"
      ],
      "variety": [
        "Unknown",
        "End-user"
      ]
    }
  },
  "asset": {
    "assets": [
      {
        "variety": "M - Documents"
      }
    ]
  },
  "attribute": {
    "confidentiality": {
      "data": [
        {
          "amount": 1,
          "variety": "Payment"
        }
      ],
      "data_disclosure": "Yes",
      "data_total": 1,
      "data_victim": [
        "Patient"
      ],
      "state": [
        "Transmitted unencrypted"
      ]
    }
  },
  "discovery_method": "Ext - customer",
  "impact": {
    "overall_rating": "Unknown"
  },
  "incident_id": "04F3D748-A1D4-4260-BC08-83DC752E8621",
  "plus": {
    "analysis_status": "Finalized",
    "analyst": "Robert-Topper",
    "attribute": {
      "confidentiality": {
        "credit_monitoring": "U"
      }
    },
    "created": "2017-01-16T17:04:00Z",
    "dbir_year": 2017,
    "github": "8830",
    "master_id": "04F3D748-A1D4-4260-BC08-83DC752E8621",
    "modified": "2017-01-16T17:11:00Z",
    "sub_source": "PHIDBR",
    "timeline": {
      "notification": {
        "month": 4,
        "year": 2016
      }
    }
  },
  "reference": "https://www.databreaches.net/ca-commissioners-investigation-determines-that-faxing-failures-put-sensitive-mental-health-information-at-risk/; ",
  "schema_version": "1.3.1",
  "security_incident": "Confirmed",
  "source_id": "vcdb",
  "summary": "Three separate breaches of sensitive mental health information have led Nova Scotia's Information and Privacy Commissioner, Catherine Tully, to call for improvements in how the health system transmits personal health information",
  "timeline": {
    "compromise": {
      "unit": "NA"
    },
    "exfiltration": {
      "unit": "NA"
    },
    "incident": {
      "year": 2015
    }
  },
  "victim": {
    "country": [
      "CA"
    ],
    "employee_count": "11 to 100",
    "industry": "621112",
    "region": [
      "019021"
    ],
    "victim_id": "physcians offices"
  }
}