{
  "action": {
    "error": {
      "variety": [
        "Omission"
      ], 
      "vector": [
        "Inadequate personnel"
      ]
    }
  }, 
  "actor": {
    "internal": {
      "motive": [
        "NA"
      ], 
      "variety": [
        "Unknown"
      ]
    }
  }, 
  "asset": {
    "assets": [
      {
        "variety": "S - Web application"
      }
    ]
  }, 
  "attribute": {
    "confidentiality": {
      "data": [
        {
          "variety": "Personal"
        }
      ], 
      "data_disclosure": "Yes", 
      "state": [
        "Unknown"
      ]
    }
  }, 
  "discovery_method": "Ext - unknown", 
  "impact": {
    "overall_rating": "Unknown"
  }, 
  "incident_id": "0509E1AC-A7AC-49FD-910D-87784D6F2002", 
  "plus": {
    "analysis_status": "Finalized", 
    "analyst": "Spitler", 
    "attribute": {
      "confidentiality": {
        "credit_monitoring": "U"
      }
    }, 
    "created": "2016-10-19T23:24:00Z", 
    "dbir_year": 2017, 
    "github": "6982", 
    "master_id": "0509E1AC-A7AC-49FD-910D-87784D6F2002", 
    "modified": "2016-10-19T23:24:00Z", 
    "sub_source": "PHIDBR", 
    "timeline": {
      "notification": {
        "day": 17, 
        "month": 1, 
        "year": 2016
      }
    }
  }, 
  "reference": "http://www.theregister.co.uk/2016/01/17/pdf_redaction_is_hard_nsw_medical_council_finds_out_the_hard_way/", 
  "schema_version": "1.3", 
  "security_incident": "Confirmed", 
  "source_id": "vcdb", 
  "summary": "Improper redaction of PII on PDF", 
  "timeline": {
    "incident": {
      "year": 2016
    }
  }, 
  "victim": {
    "country": [
      "AU"
    ], 
    "employee_count": "Small", 
    "industry": "61", 
    "region": [
      "009053"
    ], 
    "victim_id": "Medical Council of New South Wales"
  }
}