{
  "action": {
    "misuse": {
      "notes": "Mitchell further admitted that to conceal his fraud, phony delivery tickets were created and doctors TM signatures were forged on the required durable medical equipment prescription forms also known as Title XIX forms. Mitchell illegally used the identity of a former employee on numerous unlawful billings",
      "variety": [
        "Data mishandling",
        "Unapproved workaround"
      ],
      "vector": [
        "LAN access"
      ]
    }
  },
  "actor": {
    "internal": {
      "job_change": [
        "Unknown"
      ],
      "motive": [
        "Unknown",
        "Financial"
      ],
      "variety": [
        "Executive"
      ]
    }
  },
  "asset": {
    "assets": [
      {
        "variety": "Unknown"
      }
    ],
    "governance": [
      "Personally owned"
    ]
  },
  "attribute": {
    "confidentiality": {
      "data": [
        {
          "variety": "Medical"
        },
        {
          "variety": "Personal"
        }
      ],
      "data_disclosure": "Yes",
      "data_victim": [
        "Other"
      ],
      "notes": "Mitchell further admitted that to conceal his fraud, phony delivery tickets were created and doctors TM signatures were forged on the required durable medical equipment prescription forms also known as Title XIX forms. Mitchell illegally used the identity of a former employee on numerous unlawful billings",
      "state": [
        "Stored unencrypted"
      ]
    },
    "integrity": {
      "variety": [
        "Fraudulent transaction",
        "Misrepresentation"
      ]
    }
  },
  "discovery_method": "Unknown",
  "impact": {
    "overall_rating": "Unknown"
  },
  "incident_id": "05159AAB-78DD-4BFE-A258-069AEDAF90DC",
  "plus": {
    "analysis_status": "Finalized",
    "analyst": "anastasia",
    "attribute": {
      "confidentiality": {
        "credit_monitoring": "U",
        "data_misuse": "Y"
      }
    },
    "created": "2016-09-19T16:41:00Z",
    "dbir_year": 2016,
    "github": "6432",
    "master_id": "05159AAB-78DD-4BFE-A258-069AEDAF90DC",
    "modified": "2016-09-19T17:16:00Z",
    "sub_source": "PHIDBR",
    "timeline": {
      "notification": {
        "day": 10,
        "month": 9,
        "year": 2015
      }
    }
  },
  "reference": "http://valleycentral.com/news/local/mcallen-man-charged-with-health-care-fraud-aggravated-identity-theft?id=1246633",
  "schema_version": "1.3.1",
  "security_incident": "Confirmed",
  "source_id": "vcdb",
  "summary": "McAllen man charged with health care fraud, aggravated identity theft - Illusion Medical Equipment",
  "timeline": {
    "incident": {
      "year": 2015
    }
  },
  "victim": {
    "country": [
      "US"
    ],
    "employee_count": "Unknown",
    "industry": "423450",
    "region": [
      "019021"
    ],
    "state": "TX",
    "victim_id": "Illusion Medical Equipment"
  }
}