{
  "action": {
    "error": {
      "variety": [
        "Unknown"
      ],
      "vector": [
        "Unknown"
      ]
    }
  },
  "actor": {
    "external": {
      "country": [
        "Unknown"
      ],
      "motive": [
        "Unknown"
      ],
      "region": [
        "000000"
      ],
      "variety": [
        "Unknown"
      ]
    },
    "internal": {
      "job_change": [
        "Hired"
      ],
      "motive": [
        "Unknown"
      ],
      "variety": [
        "Unknown"
      ]
    }
  },
  "asset": {
    "assets": [
      {
        "variety": "S - Database"
      }
    ]
  },
  "attribute": {
    "confidentiality": {
      "data": [
        {
          "amount": 8500,
          "variety": "Payment"
        },
        {
          "amount": 8500,
          "variety": "Personal"
        }
      ],
      "data_disclosure": "Yes",
      "data_total": 8500,
      "data_victim": [
        "Customer"
      ],
      "notes": "exposed data include billing and shipping names, postal and email addresses, telephone numbers, and partial credit card numbers.",
      "state": [
        "Stored unencrypted"
      ]
    }
  },
  "discovery_method": "Ext - customer",
  "discovery_notes": "This site attempted to contact the firm directly, but got no response. This site then contacted Digital Hill Media on July 25, as they are listed in the domain registration as the responsible Tech admin.  pm 26 Aug site had 404 error",
  "impact": {
    "overall_rating": "Unknown"
  },
  "incident_id": "0526C438-8221-49D1-9815-6FAA088E5A63",
  "plus": {
    "analysis_status": "Finalized",
    "analyst": "Robert-Topper",
    "attribute": {
      "confidentiality": {
        "credit_monitoring": "U"
      }
    },
    "created": "2016-09-06T13:58:00Z",
    "dbir_year": 2017,
    "github": "8313",
    "master_id": "0526C438-8221-49D1-9815-6FAA088E5A63",
    "modified": "2016-09-06T14:12:00Z",
    "sub_source": "VCDB",
    "timeline": {
      "notification": {
        "day": 26,
        "month": 8,
        "year": 2016
      }
    }
  },
  "reference": "https://www.databreaches.net/consumer-caution-factory-rv-surplus-exposing-customer-info/",
  "schema_version": "1.3.1",
  "security_incident": "Confirmed",
  "source_id": "vcdb",
  "summary": "exposing his information and that it had been indexed by Google",
  "timeline": {
    "containment": {
      "unit": "Days",
      "value": 30.0
    },
    "incident": {
      "day": 26,
      "month": 7,
      "year": 2016
    }
  },
  "victim": {
    "country": [
      "US"
    ],
    "employee_count": "1 to 10",
    "industry": "441210",
    "locations_affected": 1,
    "region": [
      "019021"
    ],
    "state": "IN",
    "victim_id": "Factory RV Surplus"
  }
}