{
  "action": {
    "physical": {
      "variety": [
        "Theft"
      ], 
      "vector": [
        "Public facility"
      ]
    }
  }, 
  "actor": {
    "external": {
      "country": [
        "Unknown"
      ], 
      "motive": [
        "Financial"
      ], 
      "region": [
        "000000"
      ], 
      "variety": [
        "Unknown", 
        "Unaffiliated"
      ]
    }
  }, 
  "asset": {
    "assets": [
      {
        "variety": "M - Documents"
      }
    ]
  }, 
  "attribute": {
    "availability": {
      "variety": [
        "Loss"
      ]
    }, 
    "confidentiality": {
      "data": [
        {
          "variety": "Personal"
        }
      ], 
      "data_disclosure": "Yes", 
      "data_victim": [
        "Customer"
      ], 
      "state": [
        "Stored"
      ]
    }
  }, 
  "discovery_method": "Unknown", 
  "impact": {
    "overall_rating": "Unknown"
  }, 
  "incident_id": "0541D662-F131-40E1-A13D-FD7EA29FC28C", 
  "plus": {
    "analysis_status": "Finalized", 
    "analyst": "Robert-Topper", 
    "attribute": {
      "confidentiality": {
        "credit_monitoring": "U", 
        "data_misuse": "Y"
      }
    }, 
    "created": "2016-09-26T21:14:00Z", 
    "dbir_year": 2016, 
    "github": "8017", 
    "master_id": "0541D662-F131-40E1-A13D-FD7EA29FC28C", 
    "modified": "2016-09-26T21:14:00Z", 
    "sub_source": "VCDB", 
    "timeline": {
      "notification": {
        "day": 20, 
        "month": 6, 
        "year": 2015
      }
    }
  }, 
  "reference": "http://www.qgazette.com/news/2016-06-29/Front_Page/DOT_Parking_Permit_Holder_Info_Stolen.html", 
  "schema_version": "1.3", 
  "security_incident": "Confirmed", 
  "source_id": "vcdb", 
  "summary": "parking passes stolen  ", 
  "timeline": {
    "incident": {
      "month": 11, 
      "year": 2015
    }
  }, 
  "victim": {
    "country": [
      "US"
    ], 
    "employee_count": "50001 to 100000", 
    "industry": "926120", 
    "locations_affected": 1, 
    "region": [
      "019021"
    ], 
    "victim_id": "Department of Transportation"
  }
}