{
  "action": {
    "hacking": {
      "variety": [
        "Unknown"
      ],
      "vector": [
        "Web application"
      ]
    }
  },
  "actor": {
    "external": {
      "country": [
        "ID"
      ],
      "motive": [
        "Unknown"
      ],
      "region": [
        "142035"
      ],
      "variety": [
        "Unaffiliated"
      ]
    }
  },
  "asset": {
    "assets": [
      {
        "variety": "S - Web application"
      }
    ]
  },
  "attribute": {
    "availability": {
      "variety": [
        "Loss"
      ]
    },
    "integrity": {
      "variety": [
        "Modify configuration"
      ]
    }
  },
  "discovery_method": "Ext - actor disclosure",
  "impact": {
    "overall_rating": "Unknown"
  },
  "incident_id": "05449222-6D97-4F2F-9D69-D7C883B6CDC3",
  "plus": {
    "analysis_status": "First pass",
    "analyst": "Spitler",
    "created": "2014-03-07T19:32:00Z",
    "github": "1324",
    "master_id": "05449222-6D97-4F2F-9D69-D7C883B6CDC3",
    "modified": "2014-03-07T19:32:00Z",
    "timeline": {
      "notification": {
        "day": 10,
        "month": 1,
        "year": 2014
      }
    }
  },
  "reference": "http://news.softpedia.com/news/Two-Albanian-Government-Websites-Defaced-by-Indonesian-Hacker-415474.shtml",
  "schema_version": "1.3.1",
  "security_incident": "Confirmed",
  "source_id": "vcdb",
  "summary": "2 governmental websites defaced by unaffiliated external actor.",
  "timeline": {
    "incident": {
      "day": 8,
      "month": 1,
      "year": 2014
    }
  },
  "victim": {
    "country": [
      "AL"
    ],
    "employee_count": "Unknown",
    "industry": "92",
    "region": [
      "150039"
    ],
    "victim_id": "Government of Albania"
  }
}