{
  "action": {
    "malware": {
      "variety": [
        "Ransomware"
      ], 
      "vector": [
        "Unknown"
      ]
    }
  }, 
  "actor": {
    "external": {
      "country": [
        "Unknown"
      ], 
      "motive": [
        "Financial"
      ], 
      "region": [
        "000000"
      ], 
      "variety": [
        "Organized crime", 
        "Unknown"
      ]
    }
  }, 
  "asset": {
    "assets": [
      {
        "variety": "Unknown"
      }
    ]
  }, 
  "attribute": {
    "availability": {
      "variety": [
        "Obscuration"
      ]
    }, 
    "integrity": {
      "variety": [
        "Software installation"
      ]
    }
  }, 
  "discovery_method": "Ext - actor disclosure", 
  "impact": {
    "overall_rating": "Unknown"
  }, 
  "incident_id": "05608EF2-A30B-486B-83EF-9FD90B3FFBFF", 
  "plus": {
    "analysis_status": "Finalized", 
    "analyst": "Spitler", 
    "created": "2016-10-19T19:46:00Z", 
    "dbir_year": 2017, 
    "github": "7281", 
    "master_id": "05608EF2-A30B-486B-83EF-9FD90B3FFBFF", 
    "modified": "2016-10-19T19:46:00Z", 
    "sub_source": "PHIDBR", 
    "timeline": {
      "notification": {
        "day": 23, 
        "month": 2, 
        "year": 2016
      }
    }
  }, 
  "reference": "http://www.databreaches.net/nz-health-board-hit-with-ransomware/", 
  "schema_version": "1.3", 
  "security_incident": "Confirmed", 
  "source_id": "vcdb", 
  "summary": "Ransomeware", 
  "timeline": {
    "incident": {
      "month": 2, 
      "year": 2016
    }
  }, 
  "victim": {
    "country": [
      "NZ"
    ], 
    "employee_count": "Unknown", 
    "industry": "923120", 
    "region": [
      "009053"
    ], 
    "victim_id": "Whanganui District Health Board"
  }
}