{
  "action": {
    "physical": {
      "variety": [
        "Theft"
      ],
      "vector": [
        "Unknown"
      ]
    }
  },
  "actor": {
    "external": {
      "country": [
        "Unknown"
      ],
      "motive": [
        "Financial"
      ],
      "region": [
        "000000"
      ],
      "variety": [
        "Unknown"
      ]
    }
  },
  "asset": {
    "assets": [
      {
        "variety": "U - Desktop"
      }
    ]
  },
  "attribute": {
    "availability": {
      "variety": [
        "Loss"
      ]
    },
    "confidentiality": {
      "data": [
        {
          "amount": 540,
          "variety": "Medical"
        }
      ],
      "data_disclosure": "Potentially",
      "data_total": 540,
      "data_victim": [
        "Customer"
      ],
      "state": [
        "Stored unencrypted"
      ]
    }
  },
  "discovery_method": "Int - reported by employee",
  "impact": {
    "overall_rating": "Unknown"
  },
  "incident_id": "0568BB2C-A0D2-4188-91DB-75A24EC3C4A2",
  "plus": {
    "analysis_status": "First pass",
    "analyst": "swidup",
    "attribute": {
      "confidentiality": {
        "credit_monitoring": "U"
      }
    },
    "created": "2015-07-31T00:24:37Z",
    "master_id": "0568BB2C-A0D2-4188-91DB-75A24EC3C4A2",
    "modified": "2015-07-31T00:24:37Z",
    "timeline": {
      "notification": {
        "year": 2014
      }
    }
  },
  "reference": "https://ocrportal.hhs.gov/ocr/breach/breach_report.jsf",
  "schema_version": "1.3.1",
  "security_incident": "Confirmed",
  "source_id": "vcdb",
  "summary": "Computer theft exposes 540 records.",
  "timeline": {
    "incident": {
      "day": 6,
      "month": 6,
      "year": 2014
    }
  },
  "victim": {
    "country": [
      "US"
    ],
    "employee_count": "Over 100000",
    "industry": "446110",
    "region": [
      "019021"
    ],
    "state": "IL",
    "victim_id": "Walgreen Co."
  }
}