{
  "action": {
    "misuse": {
      "variety": [
        "Knowledge abuse"
      ], 
      "vector": [
        "Physical access"
      ]
    }
  }, 
  "actor": {
    "internal": {
      "job_change": [
        "Let go"
      ], 
      "motive": [
        "Unknown", 
        "Financial"
      ], 
      "variety": [
        "Human resources"
      ]
    }
  }, 
  "asset": {
    "assets": [
      {
        "variety": "S - Database"
      }
    ]
  }, 
  "attribute": {
    "confidentiality": {
      "data": [
        {
          "variety": "Personal"
        }
      ], 
      "data_disclosure": "Yes", 
      "data_victim": [
        "Customer"
      ], 
      "state": [
        "Unknown"
      ]
    }, 
    "integrity": {
      "variety": [
        "Fraudulent transaction"
      ]
    }
  }, 
  "discovery_method": "Ext - law enforcement", 
  "impact": {
    "overall_rating": "Unknown"
  }, 
  "incident_id": "0569BBB5-959C-4976-B3BA-3AB219C8B8E8", 
  "plus": {
    "analysis_status": "Finalized", 
    "analyst": "Robert-Topper", 
    "attribute": {
      "confidentiality": {
        "credit_monitoring": "U", 
        "data_misuse": "Y"
      }
    }, 
    "created": "2016-10-21T17:04:00Z", 
    "dbir_year": 2017, 
    "github": "8238", 
    "master_id": "0569BBB5-959C-4976-B3BA-3AB219C8B8E8", 
    "modified": "2016-10-21T17:04:00Z", 
    "sub_source": "VCDB", 
    "timeline": {
      "notification": {
        "day": 16, 
        "month": 6, 
        "year": 2016
      }
    }
  }, 
  "reference": "http://www.lex18.com/story/32694849/hr-employee-investigated-in-identity-theft-allegations", 
  "schema_version": "1.3", 
  "security_incident": "Confirmed", 
  "source_id": "vcdb", 
  "summary": "of identity theft by an employee in the company's human resources department", 
  "timeline": {
    "incident": {
      "month": 8, 
      "year": 2016
    }
  }, 
  "victim": {
    "country": [
      "US"
    ], 
    "employee_count": "10001 to 25000", 
    "industry": "336390", 
    "locations_affected": 1, 
    "region": [
      "019021"
    ], 
    "state": "KY", 
    "victim_id": "Cooper Standard"
  }
}