{
  "action": {
    "hacking": {
      "variety": [
        "Unknown"
      ], 
      "vector": [
        "Unknown"
      ]
    }, 
    "physical": {
      "variety": [
        "Assault"
      ], 
      "vector": [
        "Partner facility"
      ]
    }, 
    "social": {
      "target": [
        "Unknown"
      ], 
      "variety": [
        "Unknown"
      ], 
      "vector": [
        "Unknown"
      ]
    }
  }, 
  "actor": {
    "external": {
      "country": [
        "Unknown"
      ], 
      "motive": [
        "Unknown", 
        "Grudge"
      ], 
      "name": [
        "United Cyber Caliphate"
      ], 
      "region": [
        "000000"
      ], 
      "variety": [
        "Unknown"
      ]
    }, 
    "partner": {
      "country": [
        "Unknown"
      ], 
      "industry": "541511", 
      "motive": [
        "Unknown", 
        "NA"
      ], 
      "notes": "C.C.S. Technologies", 
      "region": [
        "000000"
      ]
    }
  }, 
  "asset": {
    "assets": [
      {
        "variety": "S - Web application"
      }, 
      {
        "variety": "P - Other"
      }
    ]
  }, 
  "attribute": {
    "integrity": {
      "variety": [
        "Defacement", 
        "Alter behavior"
      ]
    }
  }, 
  "discovery_method": "Ext - actor disclosure", 
  "impact": {
    "overall_rating": "Unknown"
  }, 
  "incident_id": "056CD1CD-A359-4642-A475-0FA46A07DC0A", 
  "plus": {
    "analysis_status": "Finalized", 
    "analyst": "Robert-Topper", 
    "created": "2016-10-26T22:20:00Z", 
    "dbir_year": 2016, 
    "github": "7609", 
    "master_id": "056CD1CD-A359-4642-A475-0FA46A07DC0A", 
    "modified": "2016-10-26T22:20:00Z", 
    "sub_source": "VCDB", 
    "timeline": {
      "notification": {
        "year": 2015
      }
    }
  }, 
  "reference": "http://www.databreaches.net/church-website-hacked-by-extremist-islamic-group/; ", 
  "schema_version": "1.3", 
  "security_incident": "Confirmed", 
  "source_id": "vcdb", 
  "summary": "church website defaced", 
  "timeline": {
    "incident": {
      "year": 2015
    }
  }, 
  "victim": {
    "country": [
      "US"
    ], 
    "employee_count": "11 to 100", 
    "industry": "813110", 
    "region": [
      "019021"
    ], 
    "state": "MI", 
    "victim_id": "Lamont Christian Reformed Church"
  }
}