{
  "action": {
    "misuse": {
      "variety": [
        "Privilege abuse"
      ],
      "vector": [
        "LAN access"
      ]
    }
  },
  "actor": {
    "internal": {
      "job_change": [
        "Unknown"
      ],
      "motive": [
        "Financial"
      ],
      "variety": [
        "Manager"
      ]
    }
  },
  "asset": {
    "assets": [
      {
        "variety": "S - Database"
      }
    ],
    "ownership": "Victim"
  },
  "attribute": {
    "confidentiality": {
      "data": [
        {
          "variety": "Personal"
        }
      ],
      "data_disclosure": "Yes",
      "data_victim": [
        "Student"
      ],
      "state": [
        "Unknown"
      ]
    }
  },
  "discovery_method": "Unknown",
  "impact": {
    "overall_rating": "Unknown"
  },
  "incident_id": "05839C79-6565-457D-97D6-AE982388E99E",
  "plus": {
    "analysis_status": "Finalized",
    "analyst": "JakeSettle",
    "attribute": {
      "confidentiality": {
        "credit_monitoring": "U",
        "data_misuse": "Y"
      }
    },
    "created": "2016-11-28T13:02:00Z",
    "dbir_year": 2017,
    "github": "7672",
    "master_id": "05839C79-6565-457D-97D6-AE982388E99E",
    "modified": "2017-01-30T23:12:00Z",
    "sub_source": "VCDB",
    "timeline": {
      "notification": {
        "day": 3,
        "month": 5,
        "year": 2016
      }
    }
  },
  "reference": "http://www.nbcwashington.com/news/local/Former-DC--Employee-Sentenced-4-Years-Identity-Theft-Tax-Fraud-Scheme-377989101.html",
  "schema_version": "1.3.1",
  "security_incident": "Confirmed",
  "source_id": "vcdb",
  "summary": "A former employee of D.C.'s Department of Youth Rehabilitation Services was sentenced to four years in prison for stealing the identities of young people in order to file false income tax returns.  Marc A. Bell, 49, of Bowie, Maryland, worked as a program manager, program officer and placement expeditor from 2005 to 2013 at DYRS, which provides supervision, cutody and care for youth charged with delinquent acts. He admitted getting the personal information of at least then-current and former DYRS youth from the agency's database between 2010 and 2013 and giving it to others, who used the names and Social Security numbers to filed more than 1,000 tax returns claiming $4,441,194 in refunds, according to the U.S. Attorney's Office.   ",
  "timeline": {
    "incident": {
      "day": 1,
      "month": 1,
      "year": 2016
    }
  },
  "victim": {
    "country": [
      "US"
    ],
    "employee_count": "Unknown",
    "industry": "921",
    "region": [
      "021000",
      "019021"
    ],
    "state": "DC",
    "victim_id": "Department of Youth Rehabilitation Services"
  }
}