{
  "action": {
    "error": {
      "variety": [
        "Misdelivery"
      ],
      "vector": [
        "Carelessness"
      ]
    }
  },
  "actor": {
    "internal": {
      "motive": [
        "NA"
      ],
      "variety": [
        "Unknown"
      ]
    }
  },
  "asset": {
    "assets": [
      {
        "variety": "M - Documents"
      }
    ]
  },
  "attribute": {
    "confidentiality": {
      "data": [
        {
          "variety": "Unknown"
        }
      ],
      "data_disclosure": "Unknown",
      "data_total": 115
    }
  },
  "discovery_method": "Unknown",
  "incident_id": "05981727-F9FB-4337-A70F-8F2D1A3F5209",
  "plus": {
    "analysis_status": "First pass",
    "analyst": "swidup",
    "created": "2014-07-30T19:04:07Z",
    "dbir_year": 2014,
    "master_id": "05981727-F9FB-4337-A70F-8F2D1A3F5209",
    "modified": "2015-02-13T16:50:35Z"
  },
  "reference": "http://vcdb.org/pdf/va-security.pdf",
  "schema_version": "1.3.1",
  "security_incident": "Confirmed",
  "source_id": "vcdb",
  "summary": "Veteran A contacted the pharmacy to say that he received Veteran B's medication paperwork with Veteran A's medication in the mail. Veteran B's full name and address were disclosed.  NOTE: There were a total of 115 Mis-Mailed incidents this reporting period. Because of repetition, the other 114 are not included in this report, but are included in the \"Mis-Mailed Incidents\" count at the end of this report. In all incidents, Veterans will receive a notification letter and/or credit monitoring will be offered if appropriate.",
  "timeline": {
    "incident": {
      "day": 4,
      "month": 10,
      "year": 2010
    }
  },
  "victim": {
    "country": [
      "US"
    ],
    "employee_count": "Over 100000",
    "industry": "923140",
    "region": [
      "019021"
    ],
    "state": "AR",
    "victim_id": "United States Department of Veterans Affairs"
  }
}