{
  "action": {
    "physical": {
      "variety": [
        "Theft"
      ], 
      "vector": [
        "Personal vehicle"
      ]
    }
  }, 
  "actor": {
    "external": {
      "country": [
        "Unknown"
      ], 
      "motive": [
        "Unknown"
      ], 
      "region": [
        "000000"
      ], 
      "variety": [
        "Unknown"
      ]
    }
  }, 
  "asset": {
    "assets": [
      {
        "variety": "M - Documents"
      }
    ]
  }, 
  "attribute": {
    "availability": {
      "variety": [
        "Loss"
      ]
    }, 
    "confidentiality": {
      "data": [
        {
          "variety": "Classified"
        }
      ], 
      "data_disclosure": "Yes", 
      "state": [
        "Unknown"
      ]
    }
  }, 
  "discovery_method": "Int - reported by employee", 
  "impact": {
    "overall_rating": "Unknown"
  }, 
  "incident_id": "05BE55F9-E687-452E-B6FD-7B7D209DA60D", 
  "plus": {
    "analysis_status": "Finalized", 
    "analyst": "Spitler", 
    "attribute": {
      "confidentiality": {
        "credit_monitoring": "U"
      }
    }, 
    "created": "2016-07-19T19:15:00Z", 
    "dbir_year": 2017, 
    "github": "7688", 
    "master_id": "05BE55F9-E687-452E-B6FD-7B7D209DA60D", 
    "modified": "2016-07-19T19:15:00Z", 
    "sub_source": "VCDB", 
    "timeline": {
      "notification": {
        "day": 22, 
        "month": 12, 
        "year": 2015
      }
    }
  }, 
  "reference": "http://www.jpost.com/Israel-News/IDF-Chief-of-Staff-ejects-officer-who-left-classified-documents-in-car-438095", 
  "schema_version": "1.3", 
  "security_incident": "Confirmed", 
  "source_id": "vcdb", 
  "summary": "Military officer left classified documents in car, which was stolen", 
  "timeline": {
    "incident": {
      "year": 2015
    }
  }, 
  "victim": {
    "country": [
      "IL"
    ], 
    "employee_count": "Large", 
    "industry": "928110", 
    "region": [
      "142145"
    ], 
    "victim_id": "Israeli Defense Forces"
  }
}