{
  "action": {
    "misuse": {
      "variety": [
        "Possession abuse",
        "Unapproved hardware"
      ],
      "vector": [
        "Physical access"
      ]
    }
  },
  "actor": {
    "internal": {
      "motive": [
        "Financial"
      ],
      "variety": [
        "Unknown"
      ]
    }
  },
  "asset": {
    "assets": [
      {
        "variety": "M - Payment card"
      }
    ]
  },
  "attribute": {
    "confidentiality": {
      "data": [
        {
          "amount": 350,
          "variety": "Payment"
        }
      ],
      "data_disclosure": "Yes",
      "data_total": 350,
      "data_victim": [
        "Customer"
      ],
      "state": [
        "Unknown"
      ]
    }
  },
  "discovery_method": "Ext - law enforcement",
  "discovery_notes": "actor was arrested on drug charge and they found skimmer and cards, notified employer.",
  "impact": {
    "overall_rating": "Unknown"
  },
  "incident_id": "05BF1789-4192-42A8-9BF7-108F2C791DFC",
  "plus": {
    "analysis_status": "First pass",
    "attribute": {
      "confidentiality": {
        "credit_monitoring": "U"
      }
    },
    "created": "2014-05-16T20:08:00Z",
    "github": "2201",
    "master_id": "05BF1789-4192-42A8-9BF7-108F2C791DFC",
    "modified": "2014-05-16T20:08:00Z",
    "timeline": {
      "notification": {
        "year": 2014
      }
    }
  },
  "reference": "http://nypost.com/2014/05/11/nyu-dental-school-workers-busted-in-identity-theft-operation/",
  "schema_version": "1.3.1",
  "security_incident": "Confirmed",
  "source_id": "vcdb",
  "summary": "Dental School employees used hand held skimmers, got over 350 cards and racked up over $100,000.",
  "timeline": {
    "incident": {
      "year": 2013
    }
  },
  "victim": {
    "country": [
      "US"
    ],
    "employee_count": "Unknown",
    "industry": "611310",
    "region": [
      "019021"
    ],
    "state": "NY",
    "victim_id": "New York University - Dental School"
  }
}