{
  "action": {
    "hacking": {
      "variety": [
        "Unknown"
      ],
      "vector": [
        "Unknown"
      ]
    }
  },
  "actor": {
    "external": {
      "country": [
        "CN"
      ],
      "motive": [
        "Espionage"
      ],
      "region": [
        "142030",
        "019021"
      ],
      "variety": [
        "State-affiliated"
      ]
    }
  },
  "asset": {
    "assets": [
      {
        "variety": "Unknown"
      }
    ]
  },
  "attribute": {
    "availability": {
      "variety": [
        "Loss"
      ]
    },
    "confidentiality": {
      "data": [
        {
          "variety": "Internal"
        },
        {
          "variety": "Secrets"
        }
      ],
      "data_disclosure": "Yes",
      "state": [
        "Unknown"
      ]
    }
  },
  "discovery_method": "Unknown",
  "impact": {
    "overall_rating": "Unknown"
  },
  "incident_id": "05C402E9-0167-4644-9C2E-31F640D5BD73",
  "notes": "Article does not go into methods used to launch and/or sustain the attack. ",
  "plus": {
    "analysis_status": "First pass",
    "analyst": "Spitler",
    "attribute": {
      "confidentiality": {
        "credit_monitoring": "U"
      }
    },
    "created": "2014-10-10T14:22:00Z",
    "github": "3868",
    "master_id": "05C402E9-0167-4644-9C2E-31F640D5BD73",
    "modified": "2014-10-10T14:22:00Z",
    "timeline": {
      "notification": {
        "day": 14,
        "month": 6,
        "year": 2014
      }
    }
  },
  "reference": "http://www.bloomberg.com/news/2014-06-13/uglygorilla-hack-of-u-s-utility-exposes-cyberwar-threat.html",
  "schema_version": "1.3.1",
  "security_incident": "Confirmed",
  "source_id": "vcdb",
  "summary": "State-sponsored hacker Ugly Gorilla penetrated US based utility. ",
  "timeline": {
    "incident": {
      "year": 2012
    }
  },
  "victim": {
    "country": [
      "US"
    ],
    "employee_count": "Unknown",
    "industry": "22",
    "region": [
      "019021"
    ],
    "victim_id": "Unknown"
  }
}