{
  "action": {
    "unknown": {}
  },
  "actor": {
    "external": {
      "country": [
        "Unknown"
      ],
      "motive": [
        "Unknown"
      ],
      "region": [
        "000000"
      ],
      "variety": [
        "Unknown"
      ]
    }
  },
  "asset": {
    "assets": [
      {
        "variety": "Unknown"
      }
    ]
  },
  "attribute": {
    "confidentiality": {
      "data": [
        {
          "variety": "Personal"
        }
      ],
      "data_disclosure": "Yes",
      "data_victim": [
        "Patient"
      ],
      "state": [
        "Unknown"
      ]
    }
  },
  "discovery_method": "Unknown",
  "impact": {
    "overall_rating": "Unknown"
  },
  "incident_id": "0601CD9F-A16A-4468-8D86-C7E548640374",
  "plus": {
    "analysis_status": "Finalized",
    "analyst": "swidup",
    "attribute": {
      "confidentiality": {
        "credit_monitoring": "U"
      }
    },
    "created": "2016-10-17T22:50:00Z",
    "dbir_year": 2016,
    "github": "8608",
    "master_id": "0601CD9F-A16A-4468-8D86-C7E548640374",
    "modified": "2016-10-17T23:13:00Z",
    "sub_source": "VCDB",
    "timeline": {
      "notification": {
        "year": 2015
      }
    }
  },
  "reference": "http://www.itnews.com.au/news/attackers-exploiting-cba-health-fund-data-breach-439154",
  "schema_version": "1.3.1",
  "security_incident": "Confirmed",
  "source_id": "vcdb",
  "summary": "The not-for-profit health fund that services Commonwealth Bank staff is warning customers not to click on dodgy emails after attackers stole customer data from one of its third-party partners.  The affected data is \"primarily corporate marketing information\", CBHS said in the email, sighted by iTnews. It includes name, email address, suburb, state, postcode and date of birth records for \"some\" CBHS members.",
  "timeline": {
    "incident": {
      "year": 2015
    }
  },
  "victim": {
    "country": [
      "AU"
    ],
    "employee_count": "Unknown",
    "industry": "524114",
    "region": [
      "009053"
    ],
    "victim_id": "CBHS Health Fund"
  }
}