{
  "action": {
    "malware": {
      "notes": "wanted $700 to unlock, but took it to a store and they ran the data recovery program to retrieve all files, BUT all of the titles were missing", 
      "variety": [
        "Ransomware"
      ], 
      "vector": [
        "Unknown"
      ]
    }
  }, 
  "actor": {
    "external": {
      "country": [
        "Unknown"
      ], 
      "motive": [
        "Financial"
      ], 
      "region": [
        "000000"
      ], 
      "variety": [
        "Unknown"
      ]
    }
  }, 
  "asset": {
    "assets": [
      {
        "variety": "U - Laptop"
      }
    ]
  }, 
  "attribute": {
    "availability": {
      "variety": [
        "Interruption"
      ]
    }, 
    "confidentiality": {
      "data": [
        {
          "variety": "Personal"
        }
      ], 
      "data_disclosure": "Potentially", 
      "data_victim": [
        "Other"
      ], 
      "state": [
        "Stored"
      ]
    }, 
    "integrity": {
      "variety": [
        "Software installation"
      ]
    }
  }, 
  "discovery_method": "Ext - actor disclosure", 
  "impact": {
    "overall_rating": "Unknown"
  }, 
  "incident_id": "0636EDDD-6B0D-4F83-8D99-7B4D339F8BC1", 
  "plus": {
    "analysis_status": "Finalized", 
    "analyst": "Robert-Topper", 
    "attribute": {
      "confidentiality": {
        "credit_monitoring": "U"
      }
    }, 
    "created": "2016-09-19T20:54:00Z", 
    "dbir_year": 2017, 
    "github": "8065", 
    "master_id": "0636EDDD-6B0D-4F83-8D99-7B4D339F8BC1", 
    "modified": "2016-09-19T20:54:00Z", 
    "sub_source": "VCDB", 
    "timeline": {
      "notification": {
        "year": 2016
      }
    }
  }, 
  "reference": "https://www.databreaches.net/nc-pink-hill-pastor-reports-ransomware-locked-up-files/", 
  "schema_version": "1.3", 
  "security_incident": "Confirmed", 
  "source_id": "vcdb", 
  "summary": "randsomware on pastors computer", 
  "timeline": {
    "incident": {
      "day": 5, 
      "month": 7, 
      "year": 2016
    }
  }, 
  "victim": {
    "country": [
      "US"
    ], 
    "employee_count": "Small", 
    "industry": "813110", 
    "locations_affected": 1, 
    "region": [
      "019021"
    ], 
    "state": "NC", 
    "victim_id": "Potters Hill Missionary Baptist Church"
  }
}