{
  "action": {
    "error": {
      "variety": [
        "Publishing error"
      ], 
      "vector": [
        "Unknown"
      ]
    }
  }, 
  "actor": {
    "internal": {
      "motive": [
        "NA"
      ], 
      "variety": [
        "Unknown", 
        "End-user"
      ]
    }
  }, 
  "asset": {
    "assets": [
      {
        "variety": "P - Other"
      }
    ]
  }, 
  "attribute": {
    "confidentiality": {
      "data": [
        {
          "amount": 18, 
          "variety": "Personal"
        }
      ], 
      "data_disclosure": "Yes", 
      "data_total": 18, 
      "data_victim": [
        "Patient"
      ], 
      "state": [
        "Unknown"
      ]
    }
  }, 
  "discovery_method": "Ext - customer", 
  "impact": {
    "overall_rating": "Unknown"
  }, 
  "incident_id": "0649F658-D92F-4F18-880A-0B906DAFEEFE", 
  "plus": {
    "analysis_status": "Finalized", 
    "analyst": "Robert-Topper", 
    "attribute": {
      "confidentiality": {
        "credit_monitoring": "U"
      }
    }, 
    "created": "2016-10-20T19:15:00Z", 
    "dbir_year": 2017, 
    "github": "8294", 
    "master_id": "0649F658-D92F-4F18-880A-0B906DAFEEFE", 
    "modified": "2016-10-20T19:15:00Z", 
    "sub_source": "PHIDBR", 
    "timeline": {
      "notification": {
        "day": 12, 
        "month": 8, 
        "year": 2016
      }
    }
  }, 
  "reference": "http://www.forbes.com/sites/toddessig/2016/08/18/talkspace-reveals-clients-email-violating-clinical-confidentiality/#1237ef1533cf", 
  "schema_version": "1.3", 
  "security_incident": "Confirmed", 
  "source_id": "vcdb", 
  "summary": "email sent identifying their email address", 
  "timeline": {
    "incident": {
      "year": 2016
    }
  }, 
  "victim": {
    "country": [
      "US"
    ], 
    "employee_count": "11 to 100", 
    "industry": "621410", 
    "locations_affected": 1, 
    "region": [
      "019021"
    ], 
    "victim_id": "Talkspace"
  }
}