{
  "action": {
    "misuse": {
      "variety": [
        "Possession abuse", 
        "Knowledge abuse"
      ], 
      "vector": [
        "Physical access"
      ]
    }
  }, 
  "actor": {
    "external": {
      "country": [
        "Unknown", 
        "US"
      ], 
      "motive": [
        "Financial"
      ], 
      "region": [
        "000000", 
        "019021"
      ], 
      "variety": [
        "Unknown", 
        "Acquaintance"
      ]
    }, 
    "internal": {
      "motive": [
        "Unknown", 
        "Financial"
      ], 
      "variety": [
        "Executive", 
        "Cashier"
      ]
    }
  }, 
  "asset": {
    "assets": [
      {
        "variety": "S - Database"
      }, 
      {
        "variety": "M - Payment card"
      }
    ]
  }, 
  "attribute": {
    "confidentiality": {
      "data": [
        {
          "variety": "Payment"
        }
      ], 
      "data_disclosure": "Yes", 
      "data_victim": [
        "Customer"
      ], 
      "state": [
        "Unknown"
      ]
    }, 
    "integrity": {
      "variety": [
        "Fraudulent transaction", 
        "Modify data"
      ]
    }
  }, 
  "discovery_method": "Unknown", 
  "impact": {
    "overall_rating": "Unknown"
  }, 
  "incident_id": "06602AEE-1ECF-4197-8D63-D95016BE4BB4", 
  "plus": {
    "analysis_status": "Finalized", 
    "analyst": "Spitler", 
    "attribute": {
      "confidentiality": {
        "credit_monitoring": "U"
      }
    }, 
    "created": "2016-10-20T18:25:00Z", 
    "dbir_year": 2017, 
    "github": "8199", 
    "master_id": "06602AEE-1ECF-4197-8D63-D95016BE4BB4", 
    "modified": "2016-10-20T18:25:00Z", 
    "sub_source": "VCDB", 
    "timeline": {
      "notification": {
        "day": 2, 
        "month": 8, 
        "year": 2016
      }
    }
  }, 
  "reference": "http://citizensvoice.com/news/former-cocktail-waitress-agrees-to-plead-guilty-in-420k-casino-scam-1.2073422", 
  "schema_version": "1.3", 
  "security_incident": "Confirmed", 
  "source_id": "vcdb", 
  "summary": "Collusion of a waitress to steal info off of physical casino debit cards, an executive to create copies of cards and add value and an external actor to utilize those cards on slots to cash out.", 
  "timeline": {
    "incident": {
      "year": 2014
    }
  }, 
  "victim": {
    "country": [
      "US"
    ], 
    "employee_count": "1001 to 10000", 
    "industry": "713210", 
    "region": [
      "019021"
    ], 
    "state": "PA", 
    "victim_id": "Mohegan Sun Casino"
  }
}