{
  "action": {
    "misuse": {
      "variety": [
        "Privilege abuse"
      ],
      "vector": [
        "LAN access"
      ]
    }
  },
  "actor": {
    "internal": {
      "motive": [
        "Fun"
      ],
      "variety": [
        "Unknown"
      ]
    }
  },
  "asset": {
    "assets": [
      {
        "variety": "S - Database"
      }
    ]
  },
  "attribute": {
    "confidentiality": {
      "data": [
        {
          "variety": "Unknown"
        }
      ],
      "data_disclosure": "Yes",
      "data_total": 1
    }
  },
  "discovery_method": "Unknown",
  "incident_id": "06951413-138D-4CDC-8A66-C3FA0082FCBD",
  "plus": {
    "analysis_status": "First pass",
    "analyst": "swidup",
    "created": "2014-05-29T20:01:01Z",
    "master_id": "06951413-138D-4CDC-8A66-C3FA0082FCBD",
    "modified": "2014-07-30T19:07:17Z"
  },
  "reference": "http://vcdb.org/pdf/va-security.pdf",
  "schema_version": "1.3.1",
  "security_incident": "Confirmed",
  "source_id": "vcdb",
  "summary": "Employee A accessed Veteran A's medical record to obtain information for personal use.",
  "timeline": {
    "incident": {
      "day": 12,
      "month": 4,
      "year": 2013
    }
  },
  "victim": {
    "country": [
      "US"
    ],
    "employee_count": "Over 100000",
    "industry": "923140",
    "region": [
      "019021"
    ],
    "state": "LA",
    "victim_id": "United States Department of Veterans Affairs"
  }
}