{
  "action": {
    "physical": {
      "variety": [
        "Theft",
        "Bypassed controls"
      ],
      "vector": [
        "Unknown"
      ]
    }
  },
  "actor": {
    "external": {
      "country": [
        "Unknown"
      ],
      "motive": [
        "Financial"
      ],
      "region": [
        "000000"
      ],
      "variety": [
        "Unknown"
      ]
    }
  },
  "asset": {
    "assets": [
      {
        "variety": "Unknown"
      }
    ]
  },
  "attribute": {
    "availability": {
      "variety": [
        "Loss"
      ]
    },
    "confidentiality": {
      "data": [
        {
          "variety": "Unknown"
        }
      ],
      "data_disclosure": "Yes",
      "data_total": 13
    }
  },
  "discovery_method": "Unknown",
  "incident_id": "06B76E45-468B-4B6A-B1A8-6C11AF3BD562",
  "plus": {
    "analysis_status": "First pass",
    "analyst": "swidup",
    "created": "2014-11-24T16:59:31Z",
    "master_id": "06B76E45-468B-4B6A-B1A8-6C11AF3BD562",
    "modified": "2014-11-24T16:59:31Z"
  },
  "reference": "http://vcdb.org/pdf/va-security.pdf",
  "schema_version": "1.3.1",
  "security_incident": "Confirmed",
  "source_id": "vcdb",
  "summary": "A VA provider had his appointment book stolen on 02/27/13. It contained the first and last initials and last 4 digits of the SSNs for 13 Veterans and the date, time, and abbreviation for the clinic location the provider met with them. There was no other protected health information (PHI) or additional notes recorded in the book. The employee reported the incident to his supervisor and the facility Privacy Officer (PO). VA Police have been notified as well, but a report number has not been provided.",
  "timeline": {
    "incident": {
      "day": 27,
      "month": 2,
      "year": 2013
    }
  },
  "victim": {
    "country": [
      "US"
    ],
    "employee_count": "Over 100000",
    "industry": "923140",
    "region": [
      "019021"
    ],
    "state": "OR",
    "victim_id": "United States Department of Veterans Affairs"
  }
}