{
  "action": {
    "error": {
      "variety": [
        "Misdelivery"
      ],
      "vector": [
        "Unknown"
      ]
    }
  },
  "actor": {
    "internal": {
      "motive": [
        "NA"
      ],
      "variety": [
        "Unknown"
      ]
    }
  },
  "asset": {
    "assets": [
      {
        "variety": "M - Documents"
      }
    ]
  },
  "attribute": {
    "confidentiality": {
      "data": [
        {
          "variety": "Medical"
        }
      ],
      "data_disclosure": "Yes",
      "data_victim": [
        "Patient"
      ],
      "notes": "no number was given.",
      "state": [
        "Unknown"
      ]
    }
  },
  "discovery_method": "Ext - customer",
  "impact": {
    "overall_rating": "Unknown"
  },
  "incident_id": "06C51486-9B7F-4BD8-B3CB-FC9116FD1B84",
  "plus": {
    "analysis_status": "Finalized",
    "analyst": "DaveyBaby",
    "attribute": {
      "confidentiality": {
        "credit_monitoring": "U"
      }
    },
    "created": "2016-09-07T16:47:00Z",
    "dbir_year": 2017,
    "github": "6873",
    "master_id": "06C51486-9B7F-4BD8-B3CB-FC9116FD1B84",
    "modified": "2017-01-30T22:39:00Z",
    "sub_source": "PHIDBR",
    "timeline": {
      "notification": {
        "year": 2016
      }
    }
  },
  "reference": "http://www.theage.com.au/victoria/birth-certificate-mix-up-sparks-identity-fraud-fears-20151222-gltrap.html",
  "schema_version": "1.3.1",
  "security_incident": "Confirmed",
  "source_id": "vcdb",
  "summary": "Birth certificates were being sent to incorrect recipients. ",
  "timeline": {
    "incident": {
      "year": 2016
    }
  },
  "victim": {
    "country": [
      "AU"
    ],
    "employee_count": "Unknown",
    "industry": "921",
    "region": [
      "009053"
    ],
    "victim_id": "Registry of Births, Deaths and Marriages Victoria"
  }
}