{
  "action": {
    "error": {
      "variety": [
        "Loss"
      ],
      "vector": [
        "Unknown"
      ]
    }
  },
  "actor": {
    "internal": {
      "motive": [
        "NA"
      ],
      "variety": [
        "Unknown"
      ]
    }
  },
  "asset": {
    "assets": [
      {
        "variety": "M - Documents"
      }
    ]
  },
  "attribute": {
    "availability": {
      "variety": [
        "Loss"
      ]
    },
    "confidentiality": {
      "data": [
        {
          "amount": 19,
          "variety": "Medical"
        }
      ],
      "data_disclosure": "Yes",
      "data_total": 19,
      "data_victim": [
        "Patient"
      ],
      "state": [
        "Stored unencrypted"
      ]
    }
  },
  "discovery_method": "Ext - found documents",
  "impact": {
    "overall_rating": "Unknown"
  },
  "incident_id": "06CF3C1B-5941-41EB-8EED-D549FEE8F538",
  "plus": {
    "analysis_status": "First pass",
    "analyst": "swidup",
    "attribute": {
      "confidentiality": {
        "credit_monitoring": "U"
      }
    },
    "created": "2015-03-19T23:47:29Z",
    "github": "3434",
    "master_id": "06CF3C1B-5941-41EB-8EED-D549FEE8F538",
    "modified": "2015-03-19T23:47:29Z",
    "timeline": {
      "notification": {
        "year": 2011
      }
    }
  },
  "reference": "http://www.thisislancashire.co.uk/news/10343269.Hospital_faces___500_000_fine_over_lost_patient_notes/",
  "schema_version": "1.3.1",
  "security_incident": "Confirmed",
  "source_id": "vcdb",
  "summary": "In May 2011, a customer at McDonalds, in Derby Street, found documents with details of 19 patients on, in a bin. ",
  "timeline": {
    "incident": {
      "month": 5,
      "year": 2011
    }
  },
  "victim": {
    "country": [
      "US"
    ],
    "employee_count": "1001 to 10000",
    "industry": "621498",
    "region": [
      "019021"
    ],
    "victim_id": "BOLTON NHS FOUNDATION TRUST"
  }
}