{
  "action": {
    "hacking": {
      "notes": "They served up malware, but not part of this event chain.",
      "variety": [
        "Unknown"
      ],
      "vector": [
        "Web application"
      ]
    }
  },
  "actor": {
    "external": {
      "country": [
        "Unknown"
      ],
      "motive": [
        "Unknown"
      ],
      "region": [
        "000000"
      ],
      "variety": [
        "Unknown"
      ]
    }
  },
  "asset": {
    "assets": [
      {
        "variety": "S - Web application"
      }
    ],
    "governance": [
      "Personally owned"
    ]
  },
  "attribute": {
    "integrity": {
      "variety": [
        "Software installation",
        "Modify data"
      ]
    }
  },
  "discovery_method": "Ext - unknown",
  "impact": {
    "overall_rating": "Unknown"
  },
  "incident_id": "06D9796B-8E23-48C8-8C28-0C67544BFF7A",
  "plus": {
    "analysis_status": "First pass",
    "analyst": "jayjacobs",
    "created": "2013-09-09T16:29:00Z",
    "master_id": "06D9796B-8E23-48C8-8C28-0C67544BFF7A",
    "modified": "2014-05-10T19:23:22Z",
    "timeline": {
      "notification": {
        "year": 2013
      }
    }
  },
  "reference": "http://www.hotforsecurity.com/blog/hackers-break-it-website-to-steal-e-mail-passwords-via-copy-for-payment-scam-6926.html",
  "schema_version": "1.3.1",
  "security_incident": "Confirmed",
  "source_id": "vcdb",
  "summary": "web site breached and served up malware, used in phishing",
  "timeline": {
    "incident": {
      "year": 2013
    }
  },
  "victim": {
    "country": [
      "IN"
    ],
    "employee_count": "Unknown",
    "industry": "511210",
    "region": [
      "142034"
    ],
    "victim_id": "IN software solutions company"
  }
}