{
  "action": {
    "error": {
      "variety": [
        "Publishing error"
      ],
      "vector": [
        "Unknown"
      ]
    }
  },
  "actor": {
    "internal": {
      "motive": [
        "NA"
      ],
      "variety": [
        "Unknown"
      ]
    }
  },
  "asset": {
    "assets": [
      {
        "variety": "S - Web application"
      }
    ]
  },
  "attribute": {
    "confidentiality": {
      "data": [
        {
          "amount": 1,
          "variety": "Medical"
        }
      ],
      "data_disclosure": "Yes",
      "data_total": 1,
      "data_victim": [
        "Patient"
      ],
      "state": [
        "Transmitted unencrypted"
      ]
    }
  },
  "discovery_method": "Ext - unknown",
  "discovery_notes": "Ext - unrelated third party",
  "impact": {
    "overall_rating": "Unknown"
  },
  "incident_id": "06EF40DF-B0ED-4335-ADB1-DC95A75AE0FC",
  "plus": {
    "analysis_status": "Finalized",
    "analyst": "swidup",
    "attribute": {
      "confidentiality": {
        "credit_monitoring": "U"
      }
    },
    "created": "2016-09-07T21:53:00Z",
    "dbir_year": 2016,
    "github": "6174",
    "master_id": "06EF40DF-B0ED-4335-ADB1-DC95A75AE0FC",
    "modified": "2016-09-07T21:57:00Z",
    "sub_source": "PHIDBR",
    "timeline": {
      "notification": {
        "day": 18,
        "month": 7,
        "year": 2015
      }
    }
  },
  "reference": "http://www.dailymail.co.uk/news/article-3166496/Jeremy-Hunt-hot-water-breaching-patient-confidentiality-posting-hospital-visit-picture-Twitter-board-names-it.html",
  "schema_version": "1.3.1",
  "security_incident": "Confirmed",
  "source_id": "vcdb",
  "summary": "Health Secretary Jeremy Hunt has been accused of breaching patient confidentiality by tweeting a photo to his 70,000 followers from a hospital visit.  He came under fire after the image of himself with medics at University College Hospital in London captured a board listing patients on the ward in the background.   Mr Hunt made the blunder as he went online to defend his plans to impose new seven-day working contracts after NHS staff flooded Twitter with selfies of themselves in hospitals with the hashtag ImInWorkJeremy.  He wrote a message on Twitter calling for a 'modern contract' for doctors and swiftly afterwards posted a picture of himself with medics at UCLH hospital - although it later emerged the photo was taken on a visit yesterday, not during a weekend shift.",
  "timeline": {
    "discovery": {
      "unit": "Minutes"
    },
    "incident": {
      "year": 2015
    }
  },
  "victim": {
    "country": [
      "GB"
    ],
    "employee_count": "Unknown",
    "industry": "622110",
    "region": [
      "150154"
    ],
    "victim_id": "University College Hospital"
  }
}