{
  "action": {
    "hacking": {
      "notes": " the former owner of the website is blaming it on Russian computer hackers",
      "variety": [
        "Unknown"
      ],
      "vector": [
        "Unknown"
      ]
    }
  },
  "actor": {
    "external": {
      "country": [
        "Unknown",
        "RU"
      ],
      "motive": [
        "Ideology"
      ],
      "region": [
        "000000",
        "150151"
      ],
      "variety": [
        "Unknown"
      ]
    }
  },
  "asset": {
    "assets": [
      {
        "variety": "S - Database"
      }
    ]
  },
  "attribute": {
    "confidentiality": {
      "data": [
        {
          "amount": 4000,
          "variety": "Personal"
        }
      ],
      "data_disclosure": "Yes",
      "data_total": 4000,
      "data_victim": [
        "Employee"
      ],
      "state": [
        "Stored"
      ]
    }
  },
  "discovery_method": "Ext - actor disclosure",
  "impact": {
    "overall_rating": "Unknown"
  },
  "incident_id": "0701CEE5-DDBE-4182-80CB-BAD8C736CA3B",
  "notes": "property appraiser was compromised, Palm Beach Cty LEA, and other legal positions' PII was target.",
  "plus": {
    "analysis_status": "Finalized",
    "analyst": "Robert-Topper",
    "attribute": {
      "confidentiality": {
        "credit_monitoring": "U",
        "data_misuse": "Y"
      }
    },
    "created": "2016-09-15T20:04:00Z",
    "dbir_year": 2017,
    "github": "7245",
    "master_id": "0701CEE5-DDBE-4182-80CB-BAD8C736CA3B",
    "modified": "2016-09-15T20:11:00Z",
    "sub_source": "VCDB",
    "timeline": {
      "notification": {
        "day": 16,
        "month": 2,
        "year": 2016
      }
    }
  },
  "reference": "http://www.databreaches.net/confidential-records-of-palm-beach-county-law-enforcement-officials-and-judges-posted-online/",
  "schema_version": "1.3.1",
  "security_incident": "Confirmed",
  "source_id": "vcdb",
  "summary": "PII on former cops website",
  "timeline": {
    "incident": {
      "day": 15,
      "month": 2,
      "year": 2016
    }
  },
  "victim": {
    "country": [
      "US"
    ],
    "employee_count": "Unknown",
    "industry": "531320",
    "locations_affected": 1,
    "region": [
      "019021"
    ],
    "state": "FL",
    "victim_id": "Unknown"
  }
}