{
  "action": {
    "error": {
      "notes": "Any data transfer process that opens sensitive information to the network is inadequate technology. Marked as Publishing error as it is the most similar to what took place.",
      "variety": [
        "Publishing error"
      ],
      "vector": [
        "Inadequate technology"
      ]
    },
    "misuse": {
      "notes": "Student's actions broke acceptable use agreement.",
      "variety": [
        "Net misuse"
      ],
      "vector": [
        "LAN access"
      ]
    }
  },
  "actor": {
    "external": {
      "country": [
        "US"
      ],
      "motive": [
        "Fun"
      ],
      "notes": "Student",
      "region": [
        "019021"
      ],
      "variety": [
        "Other"
      ]
    },
    "internal": {
      "motive": [
        "NA"
      ],
      "variety": [
        "System admin"
      ]
    }
  },
  "asset": {
    "assets": [
      {
        "variety": "S - Unknown"
      }
    ],
    "governance": [
      "Personally owned"
    ]
  },
  "attribute": {
    "confidentiality": {
      "data": [
        {
          "amount": 2000,
          "variety": "Personal"
        }
      ],
      "data_disclosure": "Yes",
      "data_total": 2000,
      "data_victim": [
        "Employee"
      ],
      "state": [
        "Stored unencrypted"
      ]
    }
  },
  "discovery_method": "Ext - unknown",
  "impact": {
    "overall_rating": "Unknown"
  },
  "incident_id": "07093C37-7967-460C-9497-24CD42A55E73",
  "plus": {
    "analysis_status": "First pass",
    "analyst": "Spitler",
    "attribute": {
      "confidentiality": {
        "credit_monitoring": "U"
      }
    },
    "created": "2013-12-16T15:21:00Z",
    "github": "1084",
    "master_id": "07093C37-7967-460C-9497-24CD42A55E73",
    "modified": "2014-05-10T17:32:28Z",
    "timeline": {
      "notification": {
        "year": 2013
      }
    }
  },
  "reference": "http://mainlinemedianews.com/articles/2013/12/13/main_line_suburban_life/news/doc52ab1e17ced8d552734307.txt?viewmode=fullstory",
  "schema_version": "1.3.1",
  "security_incident": "Confirmed",
  "source_id": "vcdb",
  "summary": "Middle school student accesses file that contained personal information of employees. During a data transfer process a folder was left \"open\" that made the file accessible to anyone on the school network.",
  "timeline": {
    "containment": {
      "unit": "Hours"
    },
    "discovery": {
      "unit": "Months",
      "value": 5
    },
    "exfiltration": {
      "unit": "Minutes"
    },
    "incident": {
      "year": 2013
    }
  },
  "victim": {
    "country": [
      "US"
    ],
    "employee_count": "101 to 1000",
    "industry": "611110",
    "region": [
      "019021"
    ],
    "state": "PA",
    "victim_id": "Randor Township School Disctrict"
  }
}