{
  "action": {
    "misuse": {
      "variety": [
        "Privilege abuse"
      ], 
      "vector": [
        "LAN access"
      ]
    }
  }, 
  "actor": {
    "internal": {
      "job_change": [
        "Let go"
      ], 
      "motive": [
        "Unknown", 
        "Financial"
      ], 
      "variety": [
        "Unknown", 
        "End-user"
      ]
    }
  }, 
  "asset": {
    "assets": [
      {
        "variety": "S - Database"
      }
    ]
  }, 
  "attribute": {
    "confidentiality": {
      "data": [
        {
          "amount": 20, 
          "variety": "Personal"
        }
      ], 
      "data_disclosure": "Yes", 
      "data_total": 20, 
      "data_victim": [
        "Employee"
      ], 
      "state": [
        "Unknown"
      ]
    }
  }, 
  "discovery_method": "Ext - customer", 
  "impact": {
    "overall_rating": "Unknown"
  }, 
  "incident_id": "071B03AE-4828-4992-81D4-1831BF63DCCF", 
  "plus": {
    "analysis_status": "Finalized", 
    "analyst": "Spitler", 
    "attribute": {
      "confidentiality": {
        "credit_monitoring": "U"
      }
    }, 
    "created": "2016-09-06T23:16:00Z", 
    "dbir_year": 2016, 
    "github": "6303", 
    "master_id": "071B03AE-4828-4992-81D4-1831BF63DCCF", 
    "modified": "2016-09-06T23:16:00Z", 
    "sub_source": "PHIDBR", 
    "timeline": {
      "notification": {
        "day": 11, 
        "month": 8, 
        "year": 2015
      }
    }
  }, 
  "reference": "http://www.hipaajournal.com/hospital-employee-steals-protected-patient-data-to-commit-identity-theft-8064/; http://www.sun-sentinel.com/local/palm-beach/boca-raton/fl-boca-raton-identity-theft-20150810-story.html", 
  "schema_version": "1.3", 
  "security_incident": "Confirmed", 
  "source_id": "vcdb", 
  "summary": "Hospital employee stole other employees' PII.", 
  "timeline": {
    "incident": {
      "month": 9, 
      "year": 2014
    }
  }, 
  "victim": {
    "country": [
      "US"
    ], 
    "employee_count": "1001 to 10000", 
    "industry": "622110", 
    "region": [
      "019021"
    ], 
    "state": "FL", 
    "victim_id": "Bethesda Hospital"
  }
}