{
  "action": {
    "hacking": {
      "variety": [
        "Unknown"
      ],
      "vector": [
        "Web application"
      ]
    }
  },
  "actor": {
    "external": {
      "country": [
        "Unknown"
      ],
      "motive": [
        "Unknown"
      ],
      "region": [
        "000000"
      ],
      "variety": [
        "Unknown"
      ]
    }
  },
  "asset": {
    "assets": [
      {
        "variety": "S - Web application"
      }
    ]
  },
  "attribute": {
    "availability": {
      "variety": [
        "Loss"
      ]
    },
    "confidentiality": {
      "data": [
        {
          "variety": "Credentials"
        }
      ],
      "data_disclosure": "Yes",
      "data_total": 2000000,
      "data_victim": [
        "Other"
      ],
      "state": [
        "Stored"
      ]
    }
  },
  "discovery_method": "Unknown",
  "impact": {
    "overall_rating": "Unknown"
  },
  "incident_id": "07548239-3C05-4085-9E89-0E751FF1D1CE",
  "plus": {
    "analysis_status": "Finalized",
    "analyst": "DaveyBaby",
    "attribute": {
      "confidentiality": {
        "credit_monitoring": "U"
      }
    },
    "created": "2016-08-04T17:05:00Z",
    "dbir_year": 2017,
    "github": "8150",
    "master_id": "07548239-3C05-4085-9E89-0E751FF1D1CE",
    "modified": "2016-08-05T15:59:00Z",
    "sub_source": "VCDB",
    "timeline": {
      "notification": {
        "day": 25,
        "month": 7,
        "year": 2016
      }
    }
  },
  "reference": "http://www.esecurityplanet.com/network-security/clash-of-kings-data-breach-exposes-1.6-million-accounts.html",
  "schema_version": "1.3.1",
  "security_incident": "Confirmed",
  "source_id": "vcdb",
  "summary": "On July 14, a hacker stole information on 1,597,717 million accounts from the official forum for Elex's mobile game Clash of Kings, ZDNet reports. The stolen data, which was provided to LeakedSource, including user names, email addresses, IP addresses, device identifiers, hashed and salted passwords, and Facebook data and access token if provided by the user.",
  "timeline": {
    "incident": {
      "day": 14,
      "month": 7,
      "year": 2016
    }
  },
  "victim": {
    "country": [
      "CN"
    ],
    "employee_count": "101 to 1000",
    "industry": "541515",
    "region": [
      "142030"
    ],
    "victim_id": "Elex"
  }
}