{
  "action": {
    "malware": {
      "variety": [
        "Ransomware"
      ],
      "vector": [
        "Unknown"
      ]
    }
  },
  "actor": {
    "external": {
      "country": [
        "Unknown"
      ],
      "motive": [
        "Financial"
      ],
      "region": [
        "000000"
      ],
      "variety": [
        "Organized crime",
        "Unknown"
      ]
    }
  },
  "asset": {
    "assets": [
      {
        "variety": "Unknown"
      }
    ]
  },
  "attribute": {
    "availability": {
      "variety": [
        "Obscuration"
      ]
    },
    "integrity": {
      "variety": [
        "Software installation"
      ]
    }
  },
  "discovery_method": "Ext - actor disclosure",
  "impact": {
    "overall_rating": "Unknown"
  },
  "incident_id": "075EF62F-C643-4E96-BBB9-7E90A88116D4",
  "plus": {
    "analysis_status": "Finalized",
    "analyst": "Spitler",
    "created": "2016-10-19T15:35:00Z",
    "dbir_year": 2017,
    "github": "7539",
    "master_id": "075EF62F-C643-4E96-BBB9-7E90A88116D4",
    "modified": "2016-10-19T15:39:00Z",
    "sub_source": "PHIDBR",
    "timeline": {
      "notification": {
        "day": 4,
        "month": 4,
        "year": 2016
      }
    }
  },
  "reference": "http://www.healthcareitnews.com/news/two-more-hospitals-struck-ransomware-california-and-indiana",
  "schema_version": "1.3.1",
  "security_incident": "Confirmed",
  "source_id": "vcdb",
  "summary": "Ransomware",
  "timeline": {
    "discovery": {
      "unit": "Minutes"
    },
    "incident": {
      "day": 31,
      "month": 3,
      "year": 2016
    }
  },
  "victim": {
    "country": [
      "US"
    ],
    "employee_count": "Large",
    "industry": "621110",
    "region": [
      "019021"
    ],
    "state": "CA",
    "victim_id": "Alvarado Hospital Medical Center"
  }
}