{
  "action": {
    "physical": {
      "variety": [
        "Theft"
      ], 
      "vector": [
        "Partner vehicle"
      ]
    }
  }, 
  "actor": {
    "external": {
      "country": [
        "Unknown"
      ], 
      "motive": [
        "Financial"
      ], 
      "region": [
        "000000"
      ], 
      "variety": [
        "Unknown"
      ]
    }
  }, 
  "asset": {
    "assets": [
      {
        "variety": "M - Documents"
      }
    ]
  }, 
  "attribute": {
    "availability": {
      "variety": [
        "Loss"
      ]
    }, 
    "confidentiality": {
      "data": [
        {
          "amount": 143, 
          "variety": "Medical"
        }
      ], 
      "data_disclosure": "Yes", 
      "data_total": 143, 
      "data_victim": [
        "Patient"
      ], 
      "state": [
        "Stored unencrypted"
      ]
    }
  }, 
  "discovery_method": "Ext - customer", 
  "impact": {
    "overall_rating": "Unknown"
  }, 
  "incident_id": "07711CF3-BCED-46AD-AFAA-BB678DF0C438", 
  "plus": {
    "analysis_status": "Finalized", 
    "analyst": "swidup", 
    "attribute": {
      "confidentiality": {
        "credit_monitoring": "U"
      }
    }, 
    "created": "2016-08-30T03:43:00Z", 
    "dbir_year": 2017, 
    "github": "7472", 
    "master_id": "07711CF3-BCED-46AD-AFAA-BB678DF0C438", 
    "modified": "2016-08-30T03:43:00Z", 
    "sub_source": "PHIDBR", 
    "timeline": {
      "notification": {
        "month": 3, 
        "year": 2016
      }
    }
  }, 
  "reference": "http://www.chroniclelive.co.uk/news/north-east-news/dozens-newcastle-patients-medical-records-11098893", 
  "schema_version": "1.3", 
  "security_incident": "Confirmed", 
  "source_id": "vcdb", 
  "summary": "Patients from the RVI and Freeman Hospital are among those at risk of having had their private data stolen after a van was left unsecured.Confidential medical records belonging to dozens of North East patients have gone missing from Tyneside hospitals.  The documents were taken after being left unsecured in a van outside a property in Fenham, Newcastle.  Thieves stole the vehicle holding 143 private medical records of patients at the Royal Victoria Infirmary, Freeman Hospital and Campus for Ageing and Vitality, formerly Newcastle General Hospital.  Following the blunder, Newcastle Hospitals NHS Foundation Trust cancelled its contract with the courier firm responsible for transporting records between the city's hospitals.", 
  "timeline": {
    "incident": {
      "year": 2016
    }
  }, 
  "victim": {
    "country": [
      "GB"
    ], 
    "employee_count": "Unknown", 
    "industry": "622110", 
    "region": [
      "150154"
    ], 
    "secondary": {
      "amount": 3, 
      "victim_id": [
        "Freeman Hospital", 
        " Campus for Ageing and Vitality", 
        " Newcastle General Hospital"
      ]
    }, 
    "victim_id": "Royal Victoria Infirmary"
  }
}