{
  "action": {
    "hacking": {
      "variety": [
        "Unknown"
      ], 
      "vector": [
        "Unknown"
      ]
    }
  }, 
  "actor": {
    "external": {
      "country": [
        "Unknown"
      ], 
      "motive": [
        "Unknown"
      ], 
      "region": [
        "000000"
      ], 
      "variety": [
        "Unknown"
      ]
    }
  }, 
  "asset": {
    "assets": [
      {
        "variety": "S - Database"
      }
    ]
  }, 
  "attribute": {
    "confidentiality": {
      "data": [
        {
          "amount": 34345472, 
          "variety": "Credentials"
        }, 
        {
          "amount": 34345472, 
          "variety": "Personal"
        }
      ], 
      "data_disclosure": "Potentially", 
      "data_total": 34345472, 
      "data_victim": [
        "Customer"
      ], 
      "notes": "Each record contains a username, email address, password, and ip address among other internal data fields", 
      "state": [
        "Stored encrypted"
      ]
    }
  }, 
  "discovery_method": "Ext - unknown", 
  "impact": {
    "overall_rating": "Unknown"
  }, 
  "incident_id": "077E92E2-B4CB-4CC2-99DF-4E6448C8C53A", 
  "plus": {
    "analysis_status": "Finalized", 
    "analyst": "Robert-Topper", 
    "attribute": {
      "confidentiality": {
        "credit_monitoring": "U", 
        "data_misuse": "Y"
      }
    }, 
    "created": "2016-10-19T16:35:00Z", 
    "dbir_year": 2017, 
    "github": "8609", 
    "master_id": "077E92E2-B4CB-4CC2-99DF-4E6448C8C53A", 
    "modified": "2016-10-19T16:35:00Z", 
    "sub_source": "DBIRPRIORITY", 
    "timeline": {
      "notification": {
        "month": 10, 
        "year": 2016
      }
    }
  }, 
  "reference": "https://www.hackread.com/evony-gaming-company-website-hacked/; https://www.leakedsource.com/blog/evony", 
  "schema_version": "1.3", 
  "security_incident": "Confirmed", 
  "source_id": "vcdb", 
  "summary": "website and forum hacked", 
  "timeline": {
    "incident": {
      "month": 6, 
      "year": 2016
    }
  }, 
  "victim": {
    "country": [
      "US"
    ], 
    "employee_count": "11 to 100", 
    "industry": "511210", 
    "locations_affected": 1, 
    "region": [
      "019021"
    ], 
    "victim_id": "Evony"
  }
}