{
  "action": {
    "hacking": {
      "notes": "botnet used", 
      "variety": [
        "Unknown"
      ], 
      "vector": [
        "Unknown"
      ]
    }
  }, 
  "actor": {
    "external": {
      "country": [
        "Unknown"
      ], 
      "motive": [
        "Unknown"
      ], 
      "region": [
        "000000"
      ], 
      "variety": [
        "Unknown"
      ]
    }
  }, 
  "asset": {
    "assets": [
      {
        "variety": "S - Database"
      }
    ]
  }, 
  "attribute": {
    "confidentiality": {
      "data": [
        {
          "variety": "Personal"
        }
      ], 
      "data_disclosure": "Yes", 
      "data_victim": [
        "Customer"
      ], 
      "state": [
        "Stored"
      ]
    }
  }, 
  "discovery_method": "Int - unknown", 
  "impact": {
    "overall_rating": "Unknown"
  }, 
  "incident_id": "07938ACE-DB6D-4A81-987A-89FAE949A939", 
  "plus": {
    "analysis_status": "Finalized", 
    "analyst": "Robert-Topper", 
    "attribute": {
      "confidentiality": {
        "credit_monitoring": "U", 
        "data_misuse": "Y"
      }
    }, 
    "created": "2016-09-14T17:46:00Z", 
    "dbir_year": 2017, 
    "github": "8252", 
    "master_id": "07938ACE-DB6D-4A81-987A-89FAE949A939", 
    "modified": "2016-09-14T17:46:00Z", 
    "sub_source": "VCDB", 
    "timeline": {
      "notification": {
        "month": 8, 
        "year": 2016
      }
    }
  }, 
  "reference": "http://www.siliconbeat.com/2016/08/11/linkedin-bot-attack-thats-stealing-member-data/", 
  "schema_version": "1.3", 
  "security_incident": "Confirmed", 
  "source_id": "vcdb", 
  "summary": "Data thieves used a massive \"botnet\" against professional networking site ", 
  "timeline": {
    "incident": {
      "month": 11, 
      "year": 2015
    }
  }, 
  "victim": {
    "country": [
      "US"
    ], 
    "employee_count": "1001 to 10000", 
    "industry": "518210", 
    "region": [
      "019021"
    ], 
    "state": "CA", 
    "victim_id": "LinkedIn"
  }
}