{
  "action": {
    "error": {
      "variety": [
        "Loss"
      ],
      "vector": [
        "Unknown"
      ]
    }
  },
  "actor": {
    "internal": {
      "motive": [
        "NA"
      ],
      "variety": [
        "Unknown"
      ]
    }
  },
  "asset": {
    "assets": [
      {
        "variety": "M - Documents"
      }
    ]
  },
  "attribute": {
    "availability": {
      "variety": [
        "Loss"
      ]
    },
    "confidentiality": {
      "data": [
        {
          "variety": "Unknown"
        }
      ],
      "data_disclosure": "Yes",
      "data_total": 53
    }
  },
  "discovery_method": "Unknown",
  "incident_id": "09F60A0D-A1DC-4A61-A29B-5C28E3F8F14A",
  "plus": {
    "analyst": "swidup",
    "created": "2016-02-10T07:07:18Z",
    "dbir_year": 2016,
    "master_id": "07AAC900-84BF-4DF0-888F-83C63C939A9C",
    "modified": "2016-02-10T07:07:18Z"
  },
  "reference": "http://vcdb.org/pdf/va-security-sep-2015.pdf",
  "schema_version": "1.3.1",
  "security_incident": "Confirmed",
  "source_id": "vcdb",
  "summary": "The Business Office Service (BOS) reported that while processing the authorizations for February, they were unable to locate 53 Veteran authorizations. BOS has exhausted all search efforts to locate the authorizations.",
  "timeline": {
    "incident": {
      "day": 23,
      "month": 9,
      "year": 2015
    }
  },
  "victim": {
    "country": [
      "US"
    ],
    "employee_count": "Over 100000",
    "industry": "923140",
    "state": "FL",
    "victim_id": "United States Department of Veterans Affairs"
  }
}