{
  "action": {
    "error": {
      "variety": [
        "Misdelivery"
      ], 
      "vector": [
        "Unknown"
      ]
    }
  }, 
  "actor": {
    "external": {
      "country": [
        "Unknown"
      ], 
      "motive": [
        "Unknown"
      ], 
      "region": [
        "000000"
      ], 
      "variety": [
        "Unknown"
      ]
    }, 
    "internal": {
      "motive": [
        "NA"
      ], 
      "variety": [
        "Unknown", 
        "System admin"
      ]
    }
  }, 
  "asset": {
    "assets": [
      {
        "variety": "S - Database"
      }
    ]
  }, 
  "attribute": {
    "confidentiality": {
      "data": [
        {
          "variety": "Personal"
        }
      ], 
      "data_disclosure": "Potentially", 
      "data_victim": [
        "Customer"
      ], 
      "state": [
        "Stored encrypted"
      ]
    }
  }, 
  "discovery_method": "Ext - customer", 
  "impact": {
    "overall_rating": "Unknown"
  }, 
  "incident_id": "07BCAD35-B6DC-4B90-A697-82D85FE4E17E", 
  "plus": {
    "analysis_status": "Finalized", 
    "analyst": "Robert-Topper", 
    "attribute": {
      "confidentiality": {
        "credit_monitoring": "U", 
        "data_misuse": "Y"
      }
    }, 
    "created": "2016-09-21T22:38:00Z", 
    "dbir_year": 2017, 
    "github": "7877", 
    "master_id": "07BCAD35-B6DC-4B90-A697-82D85FE4E17E", 
    "modified": "2016-09-21T22:38:00Z", 
    "sub_source": "PHIDBR", 
    "timeline": {
      "notification": {
        "day": 7, 
        "month": 6, 
        "year": 2016
      }
    }
  }, 
  "reference": "http://www.databreaches.net/washington-marijuana-applicants-personal-info-subject-to-data-breach/; http://www.thestranger.com/slog/2016/06/13/24182582/the-state-accidentally-released-a-boatload-of-personal-data-on-pot-license-applicants; http://420leaks.com/; http://www.thecannabist.co/2016/06/07/washington-marijuana-data-breach/55731/", 
  "schema_version": "1.3", 
  "security_incident": "Confirmed", 
  "source_id": "vcdb", 
  "summary": "database not password protected", 
  "timeline": {
    "incident": {
      "month": 5, 
      "year": 2016
    }
  }, 
  "victim": {
    "country": [
      "US"
    ], 
    "employee_count": "101 to 1000", 
    "industry": "92", 
    "locations_affected": 1, 
    "region": [
      "019021"
    ], 
    "state": "WA", 
    "victim_id": "Washington State Liquor and Cannabis Board"
  }
}