{
  "action": {
    "malware": {
      "name": "CryptoLocker",
      "variety": [
        "Ransomware"
      ],
      "vector": [
        "Unknown"
      ]
    }
  },
  "actor": {
    "external": {
      "country": [
        "Unknown"
      ],
      "motive": [
        "Financial"
      ],
      "region": [
        "000000"
      ],
      "variety": [
        "Organized crime"
      ]
    }
  },
  "asset": {
    "assets": [
      {
        "variety": "S - Database"
      }
    ]
  },
  "attribute": {
    "availability": {
      "duration": {
        "unit": "Days",
        "value": 4
      },
      "notes": "Encrypted until they paid the ransom.  Key was delivered and data successfully decrypted.",
      "variety": [
        "Obscuration"
      ]
    },
    "integrity": {
      "variety": [
        "Software installation"
      ]
    }
  },
  "discovery_method": "Ext - actor disclosure",
  "impact": {
    "overall_rating": "Unknown"
  },
  "incident_id": "07CB4C1F-8487-4B19-8B7F-8EAC43DF6762",
  "plus": {
    "analysis_status": "First pass",
    "analyst": "swidup",
    "created": "2013-11-28T02:07:00Z",
    "github": "847",
    "master_id": "07CB4C1F-8487-4B19-8B7F-8EAC43DF6762",
    "modified": "2014-05-10T00:58:18Z",
    "timeline": {
      "notification": {
        "day": 17,
        "month": 11,
        "year": 2013
      }
    }
  },
  "reference": "http://www.tauntongazette.com/news/x2132756948/Swansea-police-pay-750-ransom-after-computer-virus-strikes",
  "schema_version": "1.3.1",
  "security_incident": "Confirmed",
  "source_id": "vcdb",
  "summary": "A computer virus that encrypts files and then demands that victims pay a ransom to decrypt those items recently hit the Swansea Police Department. The department paid $750 for two Bitcoins  an online currency  to decrypt several images and word documents in its computer system, Swansea Police Lt. Gregory Ryan said. It was an education for (those who) had to deal with it, Ryan said, adding that the virus did not affect the software program that the police department uses for police reports and booking photos. Ryan also said that no outside parties gained access to any personal information, and that the police department did not lose any files. We were never compromised, Ryan said.   CryptoLocker, a new Windows ransomware virus sweeping across the country, hit the Swansea Police Department on Nov. 6. The virus encrypted several files that could only be decrypted through the purchase of Bitcoins, an unregulated digital currency, to pay for the special decryption key. A countdown clock appeared on a computer screen showing how much time the department had to buy the key before all the files were deleted.  The Swansea Police Department bought the key and decrypted the files on Nov. 10.",
  "timeline": {
    "incident": {
      "day": 6,
      "month": 11,
      "year": 2013
    }
  },
  "victim": {
    "country": [
      "GB"
    ],
    "employee_count": "11 to 100",
    "industry": "922120",
    "region": [
      "150154"
    ],
    "state": "Wales",
    "victim_id": "Swansea Police Department"
  }
}