{
  "action": {
    "error": {
      "variety": [
        "Disposal error"
      ], 
      "vector": [
        "Unknown"
      ]
    }
  }, 
  "actor": {
    "internal": {
      "motive": [
        "NA"
      ], 
      "variety": [
        "Unknown"
      ]
    }
  }, 
  "asset": {
    "assets": [
      {
        "variety": "M - Documents"
      }
    ]
  }, 
  "attribute": {
    "confidentiality": {
      "data": [
        {
          "variety": "Medical"
        }
      ], 
      "data_disclosure": "Yes", 
      "data_victim": [
        "Patient"
      ], 
      "state": [
        "Stored unencrypted"
      ]
    }
  }, 
  "discovery_method": "Ext - found documents", 
  "impact": {
    "overall_rating": "Unknown"
  }, 
  "incident_id": "07DB7387-02EB-4FCC-B7EF-9675786E284A", 
  "plus": {
    "analysis_status": "Finalized", 
    "analyst": "swidup", 
    "attribute": {
      "confidentiality": {
        "credit_monitoring": "U"
      }
    }, 
    "created": "2016-08-10T03:24:00Z", 
    "dbir_year": 2017, 
    "github": "6886", 
    "master_id": "07DB7387-02EB-4FCC-B7EF-9675786E284A", 
    "modified": "2016-08-10T03:24:00Z", 
    "sub_source": "PHIDBR", 
    "timeline": {
      "notification": {
        "day": 21, 
        "month": 12, 
        "year": 2015
      }
    }
  }, 
  "reference": "http://www.wtvm.com/story/30804533/exposed-medical-records-found-in-dumpster-in-east-montgomery", 
  "schema_version": "1.3", 
  "security_incident": "Confirmed", 
  "source_id": "vcdb", 
  "summary": "Medical records were found Monday in an open air dumpster behind a former medical clinic called AllMed on Eastchase Parkway near Minnie Brown Road in east Montgomery.  The records included prescriptions, lab results, names of patients and their birthdays -- all considered Private Health Information under HIPAA privacy laws. ", 
  "timeline": {
    "incident": {
      "month": 12, 
      "year": 2015
    }
  }, 
  "victim": {
    "country": [
      "US"
    ], 
    "employee_count": "Unknown", 
    "industry": "62111", 
    "region": [
      "019021"
    ], 
    "state": "AL", 
    "victim_id": "AllMed"
  }
}