{
  "action": {
    "physical": {
      "variety": [
        "Theft"
      ],
      "vector": [
        "Partner facility"
      ]
    }
  },
  "actor": {
    "external": {
      "country": [
        "Unknown"
      ],
      "motive": [
        "Financial"
      ],
      "region": [
        "000000"
      ],
      "variety": [
        "Unknown"
      ]
    }
  },
  "asset": {
    "assets": [
      {
        "variety": "U - Laptop"
      }
    ]
  },
  "attribute": {
    "availability": {
      "variety": [
        "Loss"
      ]
    },
    "confidentiality": {
      "data": [
        {
          "amount": 2777,
          "variety": "Medical"
        }
      ],
      "data_disclosure": "Potentially",
      "data_total": 2777,
      "data_victim": [
        "Patient"
      ],
      "state": [
        "Unknown"
      ]
    }
  },
  "discovery_method": "Ext - customer",
  "impact": {
    "overall_rating": "Unknown"
  },
  "incident_id": "0810D9B6-5B6A-48AB-BF15-893EA4A5E01C",
  "plus": {
    "analysis_status": "First pass",
    "analyst": "swidup",
    "attribute": {
      "confidentiality": {
        "credit_monitoring": "U"
      }
    },
    "created": "2015-03-02T23:57:40Z",
    "github": "1148",
    "master_id": "0810D9B6-5B6A-48AB-BF15-893EA4A5E01C",
    "modified": "2015-03-02T23:57:40Z",
    "timeline": {
      "notification": {
        "day": 20,
        "month": 12,
        "year": 2013
      }
    }
  },
  "reference": "http://www.wbir.com/story/news/local/2013/12/20/laptop-containing-some-tennova-patient-info-was-stolen/4142715/; http://www.phiprivacy.net/laptop-containing-some-tennova-patient-info-stolen-from-contractors-car/; http://www.wate.com/story/24272593/2777-knoxville-cardiology-patients-data-was-on-stolen-laptop",
  "schema_version": "1.3.1",
  "security_incident": "Confirmed",
  "source_id": "vcdb",
  "summary": "Some patients referred to Tennova Cardiology by Summitt Medical Center are being warned that their personal information may have been stolen.  According to a press release from Tennova, a laptop belonging to an independent, third-party transcription contractor was stolen from a vehicle in Nashville on October 22.  \"Tennova Cardiology has no reason to believe that this information has been accessed or misused in a way that would cause harm to the affected patients. The unencrypted laptop contained data from patients referred to Tennova Cardiology by Summit Medical Group for cardiac diagnostic tests. The diagnostic tests were performed at the Summit diagnostic services locations,\" the release said.  Tennova said they are working to identify all patients whose information may have been on the laptop and has mailed a letter to the 2,777 patients who may have been affected.  The information on the stolen laptop may include names, dates of birth, referring physician names, and health information about patient treatment and diagnostic procedures. There is no evidence that any Social Security numbers were included in the information contained on the laptop.  The contractor is no longer performing services for the physician group.  If you think your information may have been compromised, you can call (866) 369-0422 for more information.",
  "timeline": {
    "incident": {
      "day": 28,
      "month": 10,
      "year": 2013
    }
  },
  "victim": {
    "country": [
      "US"
    ],
    "employee_count": "Unknown",
    "industry": "000",
    "region": [
      "019021"
    ],
    "secondary": {
      "amount": 1,
      "victim_id": [
        "Summitt Medical Center"
      ]
    },
    "state": "TN",
    "victim_id": "Tennova Cardiology"
  }
}