{
  "action": {
    "hacking": {
      "variety": [
        "Use of stolen creds",
        "Cryptanalysis"
      ],
      "vector": [
        "Other"
      ]
    }
  },
  "actor": {
    "external": {
      "country": [
        "AU"
      ],
      "motive": [
        "Fun",
        "Unknown"
      ],
      "region": [
        "009053"
      ],
      "variety": [
        "Unknown",
        "Unaffiliated"
      ]
    }
  },
  "asset": {
    "assets": [
      {
        "variety": "S - Unknown"
      },
      {
        "variety": "S - Database"
      }
    ]
  },
  "attribute": {
    "confidentiality": {
      "data": [
        {
          "amount": 100000,
          "variety": "Personal"
        }
      ],
      "data_disclosure": "Yes",
      "data_total": 1000000,
      "data_victim": [
        "Customer"
      ],
      "state": [
        "Stored unencrypted"
      ]
    },
    "integrity": {
      "variety": [
        "Modify data"
      ]
    }
  },
  "discovery_method": "Ext - actor disclosure",
  "impact": {
    "overall_rating": "Unknown"
  },
  "incident_id": "0823A858-14D6-44A8-9ADD-3BEBAB603F10",
  "plus": {
    "analysis_status": "First pass",
    "analyst": "blackfist",
    "attribute": {
      "confidentiality": {
        "credit_monitoring": "U"
      }
    },
    "created": "2014-08-11T15:42:00Z",
    "github": "3701",
    "master_id": "0823A858-14D6-44A8-9ADD-3BEBAB603F10",
    "modified": "2014-08-11T15:42:00Z",
    "timeline": {
      "notification": {
        "month": 1,
        "year": 2012
      }
    }
  },
  "reference": "http://securitywatch.pcmag.com/security/293112-grindr-hack-leaves-hundreds-of-thousands-exposed",
  "schema_version": "1.3.1",
  "security_incident": "Confirmed",
  "source_id": "vcdb",
  "summary": "The hacker reportedly spoofed several accounts in Sydney, sending messages and changing profile pics to explicit images without the real user's knowledge. The hacker had apparently cracked the token used to communicate between smartphones and learned that this same hash can be used to access Grindr's database.",
  "timeline": {
    "incident": {
      "month": 1,
      "year": 2012
    }
  },
  "victim": {
    "country": [
      "US"
    ],
    "employee_count": "1 to 10",
    "industry": "541511",
    "region": [
      "019021"
    ],
    "state": "CA",
    "victim_id": "Grindr LLC"
  }
}