{
  "action": {
    "error": {
      "variety": [
        "Misdelivery"
      ],
      "vector": [
        "Carelessness"
      ]
    }
  },
  "actor": {
    "internal": {
      "motive": [
        "NA"
      ],
      "variety": [
        "Unknown"
      ]
    }
  },
  "asset": {
    "assets": [
      {
        "variety": "M - Documents"
      }
    ]
  },
  "attribute": {
    "confidentiality": {
      "data": [
        {
          "variety": "Unknown"
        }
      ],
      "data_disclosure": "Yes",
      "data_total": 10
    }
  },
  "discovery_method": "Unknown",
  "incident_id": "082994AF-C81C-49CB-B18C-F41A8413929A",
  "plus": {
    "analysis_status": "First pass",
    "analyst": "swidup",
    "created": "2014-11-24T16:59:31Z",
    "master_id": "082994AF-C81C-49CB-B18C-F41A8413929A",
    "modified": "2014-11-24T16:59:31Z"
  },
  "reference": "http://vcdb.org/pdf/va-security.pdf",
  "schema_version": "1.3.1",
  "security_incident": "Confirmed",
  "source_id": "vcdb",
  "summary": "A insurance card buffer patient list was attached to a letter to another veteran. This list contained 10 individuals full names, and full SSNs",
  "timeline": {
    "incident": {
      "day": 13,
      "month": 9,
      "year": 2011
    }
  },
  "victim": {
    "country": [
      "US"
    ],
    "employee_count": "Over 100000",
    "industry": "923140",
    "region": [
      "019021"
    ],
    "state": "NE",
    "victim_id": "United States Department of Veterans Affairs"
  }
}