{
  "action": {
    "hacking": {
      "notes": "Logged into victim bank with stolen credentials.",
      "variety": [
        "Use of stolen creds"
      ],
      "vector": [
        "Web application"
      ]
    },
    "malware": {
      "variety": [
        "Spyware/Keylogger"
      ],
      "vector": [
        "Email attachment"
      ]
    },
    "social": {
      "notes": "Owner and the Owner's assistant",
      "target": [
        "Other",
        "Executive"
      ],
      "variety": [
        "Phishing"
      ],
      "vector": [
        "Email"
      ]
    }
  },
  "actor": {
    "external": {
      "country": [
        "Unknown"
      ],
      "motive": [
        "Financial"
      ],
      "region": [
        "000000"
      ],
      "variety": [
        "Unknown"
      ]
    }
  },
  "asset": {
    "assets": [
      {
        "variety": "U - Desktop"
      },
      {
        "variety": "P - Unknown"
      },
      {
        "variety": "P - Executive"
      },
      {
        "variety": "S - Web application"
      }
    ],
    "governance": [
      "Personally owned"
    ]
  },
  "attribute": {
    "confidentiality": {
      "data": [
        {
          "amount": 2,
          "variety": "Credentials"
        }
      ],
      "data_disclosure": "Yes",
      "data_total": 2,
      "data_victim": [
        "Employee"
      ],
      "state": [
        "Processed"
      ]
    },
    "integrity": {
      "variety": [
        "Fraudulent transaction",
        "Software installation",
        "Alter behavior"
      ]
    }
  },
  "discovery_method": "Int - reported by employee",
  "impact": {
    "loss": [
      {
        "amount": 465000,
        "variety": "Asset and fraud"
      }
    ],
    "overall_rating": "Unknown"
  },
  "incident_id": "083EDBD1-6BF4-4F01-80E4-04402650E872",
  "plus": {
    "analysis_status": "First pass",
    "analyst": "blackfist",
    "attribute": {
      "confidentiality": {
        "credit_monitoring": "U"
      }
    },
    "created": "2014-03-20T14:18:00Z",
    "github": "1789",
    "master_id": "083EDBD1-6BF4-4F01-80E4-04402650E872",
    "modified": "2015-02-13T16:50:35Z",
    "timeline": {
      "notification": {
        "month": 6,
        "year": 2010
      }
    }
  },
  "reference": "http://krebsonsecurity.com/2011/07/calif-co-sues-bank-over-465k-ebanking-heist/ (20140320);http://krebsonsecurity.com/2010/06/e-banking-bandits-stole-465000-from-calif-escrow-firm/ (20140320)",
  "schema_version": "1.3.1",
  "security_incident": "Confirmed",
  "source_id": "vcdb",
  "summary": "Escrow company hacked and money sent overseas",
  "timeline": {
    "incident": {
      "month": 3,
      "year": 2010
    }
  },
  "victim": {
    "country": [
      "US"
    ],
    "employee_count": "Unknown",
    "industry": "531210",
    "region": [
      "019021"
    ],
    "state": "CA",
    "victim_id": "Village View Escrow"
  }
}