{
  "action": {
    "malware": {
      "name": "",
      "variety": [
        "Unknown"
      ],
      "vector": [
        "Unknown"
      ]
    }
  },
  "actor": {
    "external": {
      "country": [
        "Unknown"
      ],
      "motive": [
        "Unknown"
      ],
      "region": [
        "000000"
      ],
      "variety": [
        "Unknown"
      ]
    }
  },
  "asset": {
    "assets": [
      {
        "variety": "S - Database"
      }
    ]
  },
  "attribute": {
    "confidentiality": {
      "data": [
        {
          "amount": 1406,
          "variety": "Personal"
        }
      ],
      "data_disclosure": "Yes",
      "data_total": 1406,
      "data_victim": [
        "Student"
      ],
      "state": [
        "Unknown"
      ]
    },
    "integrity": {
      "variety": [
        "Software installation"
      ]
    }
  },
  "discovery_method": "Unknown",
  "impact": {
    "overall_rating": "Unknown"
  },
  "incident_id": "08433415-5E29-4AB9-854F-51461B623013",
  "plus": {
    "analysis_status": "First pass",
    "analyst": "swidup",
    "asset": {
      "total": "No"
    },
    "attribute": {
      "confidentiality": {
        "credit_monitoring": "U",
        "data_abuse": "U"
      }
    },
    "created": "2013-02-18T19:36:15Z",
    "f500": "N",
    "master_id": "08433415-5E29-4AB9-854F-51461B623013",
    "modified": "2014-05-10T00:58:18Z",
    "timeline": {
      "notification": {
        "day": 29,
        "month": 12,
        "year": 2012
      }
    }
  },
  "reference": "http://triblive.com/news/allegheny/3207432-74/information-university-breach ",
  "schema_version": "1.3.1",
  "security_incident": "Confirmed",
  "source_id": "vcdb",
  "summary": " Penn State University officials on Friday began notifying former students of a security breach on a computer server that contained 1,406 Social Security numbers for enrollees at the Altoona campus before 2005.  An operator at Penn State's call center said officials were alerted Sept. 10 that a server at University Park containing the records was infected with malware, software that allows it to communicate with unauthorized outside networks.  Techs took the server offline when officials became aware of the issue. ",
  "timeline": {
    "incident": {
      "year": 2012
    }
  },
  "victim": {
    "country": [
      "US"
    ],
    "employee_count": "Unknown",
    "industry": "611310",
    "region": [
      "019021"
    ],
    "state": "PA",
    "victim_id": "Penn State University"
  }
}