{
  "action": {
    "physical": {
      "variety": [
        "Theft"
      ],
      "vector": [
        "Victim work area"
      ]
    }
  },
  "actor": {
    "unknown": {}
  },
  "asset": {
    "assets": [
      {
        "variety": "M - Disk drive"
      }
    ],
    "governance": [
      "Personally owned"
    ]
  },
  "attribute": {
    "availability": {
      "variety": [
        "Loss"
      ]
    },
    "confidentiality": {
      "data": [
        {
          "amount": 310,
          "variety": "Personal"
        }
      ],
      "data_disclosure": "Potentially",
      "data_total": 310,
      "data_victim": [
        "Student"
      ],
      "state": [
        "Stored"
      ]
    }
  },
  "discovery_method": "Int - reported by employee",
  "impact": {
    "overall_rating": "Unknown"
  },
  "incident_id": "0854C805-E9B9-4B60-AEAF-8C2B8C2111BA",
  "plus": {
    "analysis_status": "First pass",
    "analyst": "whbaker",
    "attribute": {
      "confidentiality": {
        "credit_monitoring": "U"
      }
    },
    "created": "2013-11-16T16:10:00Z",
    "github": "823",
    "master_id": "0854C805-E9B9-4B60-AEAF-8C2B8C2111BA",
    "modified": "2014-05-10T00:58:18Z",
    "timeline": {
      "notification": {
        "month": 11,
        "year": 2013
      }
    }
  },
  "reference": "http://www.scmagazine.com/two-hard-drives-stolen-from-washington-state-university-office/article/320133/",
  "schema_version": "1.3.1",
  "security_incident": "Confirmed",
  "source_id": "vcdb",
  "summary": "Hundreds of employees, former employees and students of Washington State University are being notified that their personal information may have been compromised after two possibly unencrypted external hard drives were stolen from an on-campus office.",
  "timeline": {
    "containment": {
      "unit": "NA"
    },
    "incident": {
      "month": 10,
      "year": 2013
    }
  },
  "victim": {
    "country": [
      "US"
    ],
    "employee_count": "1001 to 10000",
    "industry": "611310",
    "locations_affected": 1,
    "region": [
      "019021"
    ],
    "state": "WA",
    "victim_id": "Washington State University"
  }
}