{
  "action": {
    "error": {
      "variety": [
        "Misconfiguration"
      ], 
      "vector": [
        "Carelessness"
      ]
    }
  }, 
  "actor": {
    "internal": {
      "motive": [
        "NA"
      ], 
      "variety": [
        "Unknown"
      ]
    }
  }, 
  "asset": {
    "assets": [
      {
        "variety": "S - Database"
      }
    ]
  }, 
  "attribute": {
    "confidentiality": {
      "data": [
        {
          "amount": 377000, 
          "variety": "Credentials"
        }, 
        {
          "amount": 377000, 
          "variety": "Personal"
        }
      ], 
      "data_disclosure": "Yes", 
      "data_total": 377000, 
      "data_victim": [
        "Customer"
      ], 
      "state": [
        "Unknown"
      ]
    }
  }, 
  "discovery_method": "Ext - unknown", 
  "discovery_notes": "Found by security researcher", 
  "impact": {
    "overall_rating": "Unknown"
  }, 
  "incident_id": "085892C8-99FB-46B0-8BEA-3BCD91BEEB83", 
  "plus": {
    "analysis_status": "Finalized", 
    "analyst": "swidup", 
    "attribute": {
      "confidentiality": {
        "credit_monitoring": "U"
      }
    }, 
    "created": "2016-08-18T02:18:00Z", 
    "dbir_year": 2017, 
    "github": "6813", 
    "master_id": "085892C8-99FB-46B0-8BEA-3BCD91BEEB83", 
    "modified": "2016-08-18T02:18:00Z", 
    "sub_source": "VCDB", 
    "timeline": {
      "notification": {
        "month": 12, 
        "year": 2015
      }
    }
  }, 
  "reference": "https://www.databreaches.net/despite-warnings-earlier-this-year-tens-of-thousands-of-databases-continue-to-leak/; http://www.databreaches.net/fan-networks-including-mlb-leaked-fans-personal-details-researcher/", 
  "schema_version": "1.3", 
  "security_incident": "Confirmed", 
  "source_id": "vcdb", 
  "summary": "Vixlet leak affecting more than 377,000 MLB, ATP and Slipknot fans", 
  "timeline": {
    "incident": {
      "month": 12, 
      "year": 2015
    }
  }, 
  "victim": {
    "country": [
      "US"
    ], 
    "employee_count": "101 to 1000", 
    "industry": "518210", 
    "region": [
      "019021"
    ], 
    "state": "CA", 
    "victim_id": "Vixlet"
  }
}