{
  "action": {
    "hacking": {
      "variety": [
        "Unknown"
      ],
      "vector": [
        "Web application"
      ]
    }
  },
  "actor": {
    "external": {
      "country": [
        "Unknown"
      ],
      "motive": [
        "Financial"
      ],
      "region": [
        "000000"
      ],
      "variety": [
        "Unknown"
      ]
    }
  },
  "asset": {
    "assets": [
      {
        "variety": "S - Database"
      }
    ]
  },
  "attribute": {
    "confidentiality": {
      "data": [
        {
          "amount": 30,
          "variety": "Credentials"
        }
      ],
      "data_disclosure": "Potentially",
      "data_total": 30,
      "data_victim": [
        "Customer"
      ],
      "state": [
        "Unknown"
      ]
    }
  },
  "discovery_method": "Int - log review",
  "impact": {
    "overall_rating": "Unknown"
  },
  "incident_id": "085A4B6B-8143-43F9-A0F7-5A899BA5624B",
  "plus": {
    "analysis_status": "Finalized",
    "analyst": "Spitler",
    "attribute": {
      "confidentiality": {
        "credit_monitoring": "U"
      }
    },
    "created": "2017-01-28T02:27:00Z",
    "dbir_year": 2018,
    "github": "8882",
    "master_id": "085A4B6B-8143-43F9-A0F7-5A899BA5624B",
    "modified": "2017-01-28T02:35:00Z",
    "sub_source": "VCDB",
    "timeline": {
      "notification": {
        "month": 12,
        "year": 2016
      }
    }
  },
  "reference": "https://www.thesun.co.uk/news/2381886/kfc-website-hacked-as-over-1-2m-loyalty-scheme-members-warned-to-change-password/",
  "schema_version": "1.3.1",
  "security_incident": "Confirmed",
  "source_id": "vcdb",
  "summary": "Website breach targeted 30 KFC loyalty club credentials in the UK",
  "timeline": {
    "incident": {
      "year": 2016
    }
  },
  "victim": {
    "country": [
      "GB"
    ],
    "employee_count": "Large",
    "industry": "722",
    "region": [
      "150154"
    ],
    "victim_id": "KFC"
  }
}