{
  "action": {
    "physical": {
      "variety": [
        "Disabled controls"
      ],
      "vector": [
        "Partner facility"
      ]
    }
  },
  "actor": {
    "external": {
      "country": [
        "Unknown"
      ],
      "motive": [
        "Financial"
      ],
      "region": [
        "000000"
      ],
      "variety": [
        "Unknown",
        "Unaffiliated"
      ]
    }
  },
  "asset": {
    "assets": [
      {
        "variety": "U - Laptop"
      }
    ],
    "governance": [
      "3rd party managed",
      "3rd party owned"
    ]
  },
  "attribute": {
    "confidentiality": {
      "data": [
        {
          "amount": 18213,
          "variety": "Medical"
        }
      ],
      "data_disclosure": "Yes",
      "state": [
        "Stored unencrypted"
      ]
    }
  },
  "discovery_method": "Unknown",
  "impact": {
    "overall_rating": "Unknown"
  },
  "incident_id": "085F342B-04EE-48C3-A4A4-B82B05420A70",
  "plus": {
    "analysis_status": "Finalized",
    "analyst": "swidup",
    "attribute": {
      "confidentiality": {
        "credit_monitoring": "U"
      }
    },
    "created": "2016-01-27T16:11:00Z",
    "dbir_year": 2016,
    "github": "6675",
    "master_id": "085F342B-04EE-48C3-A4A4-B82B05420A70",
    "modified": "2016-01-27T16:11:00Z",
    "timeline": {
      "notification": {
        "month": 5,
        "year": 2015
      }
    }
  },
  "reference": "http://www.databreaches.net/follow-up-company-involved-in-nsuh-lij-breach-folded/; http://www.databreaches.net/ny-18000-north-shore-university-hospital-lij-patients-notified-8-months-after-data-theft-at-business-associates-offices/",
  "schema_version": "1.3.1",
  "security_incident": "Confirmed",
  "source_id": "vcdb",
  "summary": "Five password-protected, but unencrypted laptop computers were stolen from Global Care Delivery, a business associate (BA) of the covered entity (CE), North Shore LIJ Health System in September 2014.  The laptops contained the protected health information (PHI) of 18,213 individuals, including names, dates of birth, insurance identification numbers (which contained social security numbers), and diagnoses and/or treatment codes related to claims.  The BA notified police at the time of the incident, but did not notify the CE until May 11, 2015.  The BA retained Knoll, Inc. to assist with individual notification and provide call center services to answer questions from individuals impacted by the breach.  Breach notification was provided to HHS and affected individuals, and the BA offered complimentary one-year identity theft protection services.  The business relationship between the CE and BA ended effective May 11, 2015. The BA has closed its business.",
  "timeline": {
    "incident": {
      "month": 9,
      "year": 2015
    }
  },
  "victim": {
    "country": [
      "US"
    ],
    "employee_count": "Unknown",
    "industry": "622110",
    "region": [
      "019021"
    ],
    "state": "NY",
    "victim_id": "North Shore-Long Island Jewish Health System"
  }
}