{
  "action": {
    "misuse": {
      "variety": [
        "Data mishandling",
        "Unapproved workaround"
      ],
      "vector": [
        "LAN access"
      ]
    }
  },
  "actor": {
    "internal": {
      "motive": [
        "Unknown",
        "Financial"
      ],
      "variety": [
        "End-user"
      ]
    }
  },
  "asset": {
    "assets": [
      {
        "variety": "M - Documents"
      },
      {
        "variety": "S - Database"
      }
    ]
  },
  "attribute": {
    "confidentiality": {
      "data": [
        {
          "amount": 650,
          "variety": "Personal"
        }
      ],
      "data_disclosure": "Potentially",
      "data_total": 650,
      "data_victim": [
        "Customer"
      ],
      "state": [
        "Unknown"
      ]
    }
  },
  "discovery_method": "Int - incident response",
  "discovery_notes": "Within a 48-hour window we determined that that was true,\" she said. \"We determined it was important to look at a certain employee's email correspondence with our insurance carriers.\"  She said that is when they found that some files had been forwarded to a personal email account.",
  "impact": {
    "overall_rating": "Unknown"
  },
  "incident_id": "0870145B-9AE7-4657-9A4A-3AEEF4B48C69",
  "plus": {
    "analysis_status": "Finalized",
    "analyst": "Robert-Topper",
    "attribute": {
      "confidentiality": {
        "credit_monitoring": "U"
      }
    },
    "created": "2016-10-19T19:20:00Z",
    "dbir_year": 2017,
    "github": "8409",
    "master_id": "0870145B-9AE7-4657-9A4A-3AEEF4B48C69",
    "modified": "2016-11-04T15:37:00Z",
    "sub_source": "PHIDBR",
    "timeline": {
      "notification": {
        "day": 6,
        "month": 9,
        "year": 2016
      }
    }
  },
  "reference": "https://www.databreaches.net/village-of-oak-park-incident-reported-to-hhs-six-months-later/; http://chronicleillinois.com/news/cook-county-news/oak-park-officials-investigating-release-of-private-employee-data/; http://chronicleillinois.com/news/cook-county-news/fired-oak-park-employee-files-whistleblower-lawsuit/",
  "schema_version": "1.3.1",
  "security_incident": "Confirmed",
  "source_id": "vcdb",
  "summary": "emailed spreadsheet files to her personal computer",
  "timeline": {
    "incident": {
      "day": 22,
      "month": 1,
      "year": 2016
    }
  },
  "victim": {
    "country": [
      "US"
    ],
    "employee_count": "101 to 1000",
    "industry": "921110",
    "region": [
      "019021"
    ],
    "state": "IL",
    "victim_id": "Village of Oak Park"
  }
}