{
  "action": {
    "error": {
      "notes": "Unknown",
      "variety": [
        "Loss"
      ],
      "vector": [
        "Carelessness"
      ]
    }
  },
  "actor": {
    "partner": {
      "country": [
        "US"
      ],
      "motive": [
        "NA"
      ],
      "region": [
        "019021"
      ]
    }
  },
  "asset": {
    "assets": [
      {
        "variety": "M - Flash drive"
      }
    ]
  },
  "attribute": {
    "availability": {
      "variety": [
        "Loss"
      ]
    },
    "confidentiality": {
      "data": [
        {
          "variety": "Medical"
        },
        {
          "variety": "Personal"
        }
      ],
      "data_disclosure": "Potentially",
      "data_total": 5713,
      "data_victim": [
        "Patient"
      ],
      "notes": "The lost flash drive contained patient names, Social Security numbers, dates of birth, addresses, telephone numbers, account numbers, diagnoses, and other protected health information.",
      "state": [
        "Stored unencrypted"
      ]
    }
  },
  "discovery_method": "Int - reported by employee",
  "impact": {
    "overall_rating": "Unknown"
  },
  "incident_id": "087F2417-4F7B-4E31-864C-D95C328604ED",
  "plus": {
    "analysis_status": "Validated",
    "analyst": "abooker",
    "asset": {
      "total": "No"
    },
    "attribute": {
      "confidentiality": {
        "credit_monitoring": "U",
        "data_abuse": "U"
      }
    },
    "created": "2013-02-12T23:32:59Z",
    "f500": "N",
    "master_id": "087F2417-4F7B-4E31-864C-D95C328604ED",
    "modified": "2014-05-10T00:58:18Z",
    "timeline": {
      "notification": {
        "day": 19,
        "month": 10,
        "year": 2012
      }
    }
  },
  "reference": "https://www.privacyrights.org/node/55178",
  "schema_version": "1.3.1",
  "security_incident": "Confirmed",
  "source_id": "vcdb",
  "summary": "A vendor working with patient data for digital conversion from Colon & Digestive lost a flash drive that contained patient names, Social Security numbers, dates of birth, addresses, telephone numbers, account numbers, diagnoses, and other protected health information. ",
  "timeline": {
    "incident": {
      "day": 16,
      "month": 7,
      "year": 2012
    }
  },
  "victim": {
    "country": [
      "US"
    ],
    "employee_count": "Unknown",
    "industry": "621498",
    "region": [
      "019021"
    ],
    "revenue": {
      "amount": 100000,
      "iso_currency_code": "USD"
    },
    "state": "AZ",
    "victim_id": "Colon & Digestive Health Specialists"
  }
}