{
  "action": {
    "hacking": {
      "notes": "An anonymous demand for payment was made to the health provider in return for recovery of the information", 
      "variety": [
        "Unknown"
      ], 
      "vector": [
        "Unknown"
      ]
    }
  }, 
  "actor": {
    "external": {
      "country": [
        "Unknown"
      ], 
      "motive": [
        "Financial"
      ], 
      "region": [
        "000000"
      ], 
      "variety": [
        "Unknown"
      ]
    }
  }, 
  "asset": {
    "assets": [
      {
        "variety": "S - Database"
      }
    ]
  }, 
  "attribute": {
    "confidentiality": {
      "data": [
        {
          "amount": 6000, 
          "variety": "Personal"
        }
      ], 
      "data_disclosure": "Yes", 
      "data_total": 6000, 
      "data_victim": [
        "Patient"
      ], 
      "state": [
        "Unknown"
      ]
    }
  }, 
  "discovery_method": "Ext - actor disclosure", 
  "discovery_notes": "An anonymous demand for payment was made to the health provider in return for recovery of the information", 
  "impact": {
    "overall_rating": "Unknown"
  }, 
  "incident_id": "08A0B4E8-DED8-4836-BCCA-E87D7A9619D8", 
  "plus": {
    "analysis_status": "Finalized", 
    "analyst": "Robert-Topper", 
    "attribute": {
      "confidentiality": {
        "credit_monitoring": "U", 
        "data_misuse": "Y"
      }
    }, 
    "created": "2016-10-20T16:26:00Z", 
    "dbir_year": 2017, 
    "github": "8462", 
    "master_id": "08A0B4E8-DED8-4836-BCCA-E87D7A9619D8", 
    "modified": "2016-10-20T16:26:00Z", 
    "sub_source": "PHIDBR", 
    "timeline": {
      "notification": {
        "day": 20, 
        "month": 9, 
        "year": 2016
      }
    }
  }, 
  "reference": "http://www.krmg.com/news/news/local/st-francis-server-gets-hacked-6000-people-affected/nsbhd/;  http://www.kjrh.com/news/local-news/saint-francis-health-system-reports-server-hacked-anonymous-demand-made-for-return-of-patient-info; http://www.krmg.com/news/news/local/st-francis-server-gets-hacked-6000-people-affected/nsbhd/  http://www.kjrh.com/news/local-news/saint-francis-health-system-reports-server-hacked-anonymous-demand-made-for-return-of-patient-info; https://www.databreaches.net/st-francis-health-system-hacked-thedarkoverlord/ ", 
  "schema_version": "1.3", 
  "security_incident": "Confirmed", 
  "source_id": "vcdb", 
  "summary": "patient data was extracted from a server during an unauthorized external access.  Officials decided not to act on the ransom demand ", 
  "timeline": {
    "incident": {
      "day": 7, 
      "month": 9, 
      "year": 2016
    }
  }, 
  "victim": {
    "country": [
      "US"
    ], 
    "employee_count": "1001 to 10000", 
    "industry": "622110", 
    "region": [
      "019021"
    ], 
    "state": "OK", 
    "victim_id": "Saint Francis Health System"
  }
}