{
  "action": {
    "misuse": {
      "variety": [
        "Privilege abuse"
      ],
      "vector": [
        "LAN access"
      ]
    }
  },
  "actor": {
    "internal": {
      "motive": [
        "Financial"
      ],
      "variety": [
        "End-user"
      ]
    }
  },
  "asset": {
    "assets": [
      {
        "variety": "Unknown"
      }
    ]
  },
  "attribute": {
    "integrity": {
      "variety": [
        "Repurpose"
      ]
    }
  },
  "discovery_method": "Unknown",
  "impact": {
    "overall_rating": "Unknown"
  },
  "incident_id": "08B8D8B6-D0DA-474C-9466-FACC055FFD57",
  "plus": {
    "analysis_status": "First pass",
    "analyst": "Spitler",
    "created": "2013-12-06T18:49:00Z",
    "github": "824",
    "master_id": "08B8D8B6-D0DA-474C-9466-FACC055FFD57",
    "modified": "2014-05-10T19:23:22Z",
    "timeline": {
      "notification": {
        "day": 8,
        "month": 11,
        "year": 2013
      }
    }
  },
  "reference": "http://www.wokv.com/news/news/local/local-man-indicted-14-counts-stolent-identity-refu/nbm5B/",
  "schema_version": "1.3.1",
  "security_incident": "Confirmed",
  "source_id": "vcdb",
  "summary": "Insider misuse leads to 14 counts of identity fraud. Tax consultant used information acquired at his company to conduct fraudulent transactions.",
  "timeline": {
    "compromise": {
      "unit": "NA"
    },
    "exfiltration": {
      "unit": "NA"
    },
    "incident": {
      "year": 2013
    }
  },
  "victim": {
    "country": [
      "US"
    ],
    "employee_count": "Unknown",
    "industry": "541213",
    "locations_affected": 1,
    "region": [
      "019021"
    ],
    "state": "FL",
    "victim_id": "Certified Tax Consultants"
  }
}