{
  "action": {
    "hacking": {
      "variety": [
        "DoS"
      ],
      "vector": [
        "Web application"
      ]
    }
  },
  "actor": {
    "external": {
      "country": [
        "US"
      ],
      "motive": [
        "Grudge"
      ],
      "region": [
        "019021"
      ],
      "variety": [
        "Activist"
      ]
    }
  },
  "asset": {
    "assets": [
      {
        "variety": "S - Web application"
      }
    ]
  },
  "attribute": {
    "availability": {
      "variety": [
        "Interruption"
      ]
    }
  },
  "discovery_method": "Unknown",
  "incident_id": "08C57E01-8CC1-43E4-9195-C06F1FC9A9A9",
  "plus": {
    "analysis_status": "First pass",
    "analyst": "ThatComputerGuy",
    "created": "2014-05-10T23:15:31.237Z",
    "github": "1306",
    "master_id": "08C57E01-8CC1-43E4-9195-C06F1FC9A9A9",
    "modified": "2014-05-10T23:15:31.237Z"
  },
  "reference": "http://arstechnica.com/security/2014/01/dos-attacks-that-took-down-big-game-sites-abused-webs-time-synch-protocol/ (2014-05-10T23:15:31.237Z);",
  "schema_version": "1.3.1",
  "security_incident": "Confirmed",
  "source_id": "vcdb",
  "summary": "Denial of service attack",
  "timeline": {
    "incident": {
      "day": 6,
      "month": 1,
      "year": 2014
    }
  },
  "victim": {
    "country": [
      "US"
    ],
    "employee_count": "Unknown",
    "industry": "51",
    "region": [
      "019021"
    ],
    "victim_id": "Steam, Origin, Battle.net, and League of Legends"
  }
}