{
  "action": {
    "error": {
      "variety": [
        "Misdelivery"
      ],
      "vector": [
        "Unknown"
      ]
    }
  },
  "actor": {
    "internal": {
      "motive": [
        "NA"
      ],
      "variety": [
        "Unknown",
        "Finance"
      ]
    }
  },
  "asset": {
    "assets": [
      {
        "variety": "S - Mail"
      }
    ]
  },
  "attribute": {
    "confidentiality": {
      "data": [
        {
          "amount": 2000,
          "variety": "Bank"
        }
      ],
      "data_disclosure": "Yes",
      "data_total": 2000,
      "data_victim": [
        "Employee"
      ],
      "state": [
        "Unknown"
      ]
    }
  },
  "discovery_method": "Int - unknown",
  "impact": {
    "overall_rating": "Unknown"
  },
  "incident_id": "08D95AA4-53FA-4F64-84A3-A31E4EF98383",
  "plus": {
    "analysis_status": "Finalized",
    "analyst": "Robert-Topper",
    "attribute": {
      "confidentiality": {
        "credit_monitoring": "Y",
        "credit_monitoring_years": 1,
        "data_misuse": "Y"
      }
    },
    "created": "2016-12-14T12:20:00Z",
    "dbir_year": 2018,
    "github": "8866",
    "master_id": "08D95AA4-53FA-4F64-84A3-A31E4EF98383",
    "modified": "2016-12-14T12:26:00Z",
    "sub_source": "VCDB",
    "timeline": {
      "notification": {
        "day": 30,
        "month": 11,
        "year": 2016
      }
    }
  },
  "reference": "https://www.thesun.co.uk/news/2290843/uks-biggest-pub-chain-greene-king-accidentally-leaks-bank-details-of-2000-staff-in-email/",
  "schema_version": "1.3.1",
  "security_incident": "Confirmed",
  "source_id": "vcdb",
  "summary": "the e-mail, sent on Thursday, contained a list of over 2,000 bank account numbers and sort codes for some staff.",
  "timeline": {
    "compromise": {
      "unit": "NA"
    },
    "containment": {
      "unit": "Weeks",
      "value": 2.0
    },
    "discovery": {
      "unit": "Minutes"
    },
    "exfiltration": {
      "unit": "NA"
    },
    "incident": {
      "day": 25,
      "month": 11,
      "year": 2016
    }
  },
  "victim": {
    "country": [
      "GB"
    ],
    "employee_count": "1001 to 10000",
    "industry": "722511",
    "locations_affected": 1,
    "region": [
      "150154"
    ],
    "victim_id": "Greene King"
  }
}