{
  "action": {
    "error": {
      "variety": [
        "Misdelivery"
      ],
      "vector": [
        "Unknown"
      ]
    }
  },
  "actor": {
    "internal": {
      "motive": [
        "NA"
      ],
      "variety": [
        "Unknown"
      ]
    }
  },
  "asset": {
    "assets": [
      {
        "variety": "U - Desktop"
      }
    ]
  },
  "attribute": {
    "confidentiality": {
      "data": [
        {
          "variety": "Personal"
        }
      ],
      "data_disclosure": "Yes",
      "data_victim": [
        "Customer"
      ],
      "state": [
        "Unknown"
      ]
    }
  },
  "discovery_method": "Other",
  "impact": {
    "overall_rating": "Unknown"
  },
  "incident_id": "08DC4E84-9DC5-4D00-944C-4456F037E3EA",
  "plus": {
    "analysis_status": "First pass",
    "analyst": "Spitler",
    "attribute": {
      "confidentiality": {
        "credit_monitoring": "U"
      }
    },
    "created": "2013-08-30T14:26:00Z",
    "master_id": "08DC4E84-9DC5-4D00-944C-4456F037E3EA",
    "modified": "2014-05-10T00:58:18Z",
    "timeline": {
      "notification": {
        "day": 31,
        "month": 7,
        "year": 2013
      }
    }
  },
  "reference": "oag.ca.gov/system/files/8012%20Oracle%20Notice%20Final_0.pdf",
  "schema_version": "1.3.1",
  "security_incident": "Confirmed",
  "source_id": "vcdb",
  "summary": "Retirement plan customer PII was misdelivered to a plan administrator for another company. Data was not used maliciously and the recipient notified Fidelity immediately.",
  "timeline": {
    "compromise": {
      "unit": "NA"
    },
    "containment": {
      "unit": "Hours"
    },
    "discovery": {
      "unit": "Hours"
    },
    "exfiltration": {
      "unit": "NA"
    },
    "incident": {
      "day": 10,
      "month": 7,
      "year": 2013
    }
  },
  "victim": {
    "country": [
      "US"
    ],
    "employee_count": "101 to 1000",
    "industry": "523999",
    "region": [
      "019021"
    ],
    "state": "NY",
    "victim_id": "Fidelity Investments Institutional Services Company, Inc"
  }
}