{
  "action": {
    "physical": {
      "variety": [
        "Tampering",
        "Disabled controls"
      ],
      "vector": [
        "Victim work area"
      ]
    }
  },
  "actor": {
    "external": {
      "country": [
        "Unknown"
      ],
      "motive": [
        "Financial"
      ],
      "region": [
        "000000"
      ],
      "variety": [
        "Unknown"
      ]
    }
  },
  "asset": {
    "assets": [
      {
        "variety": "T - Kiosk"
      }
    ]
  },
  "attribute": {
    "confidentiality": {
      "data": [
        {
          "variety": "Payment"
        }
      ],
      "data_disclosure": "Potentially",
      "data_victim": [
        "Customer"
      ],
      "state": [
        "Transmitted"
      ]
    },
    "integrity": {
      "variety": [
        "Hardware tampering"
      ]
    }
  },
  "discovery_method": "Int - fraud detection",
  "discovery_notes": "Walmart's asset protection associates found the device attached to a credit card reader in the self-checkout area Wednesday",
  "impact": {
    "overall_rating": "Unknown"
  },
  "incident_id": "08E65BA0-8B33-4B63-83D4-6A259AE27392",
  "plus": {
    "analysis_status": "Finalized",
    "analyst": "Robert-Topper",
    "attribute": {
      "confidentiality": {
        "credit_monitoring": "U"
      }
    },
    "created": "2016-09-26T16:46:00Z",
    "dbir_year": 2017,
    "github": "7800",
    "master_id": "08E65BA0-8B33-4B63-83D4-6A259AE27392",
    "modified": "2017-01-30T22:54:00Z",
    "sub_source": "VCDB",
    "timeline": {
      "notification": {
        "day": 19,
        "month": 5,
        "year": 2016
      }
    }
  },
  "reference": "http://www.fox19.com/story/32016321/police-skimming-device-found-in-self-checkout-at-nky-walmart",
  "schema_version": "1.3.1",
  "security_incident": "Confirmed",
  "source_id": "vcdb",
  "summary": "Self-Checkout skimmer at Walmart",
  "timeline": {
    "incident": {
      "day": 11,
      "month": 5,
      "year": 2016
    }
  },
  "victim": {
    "country": [
      "US"
    ],
    "employee_count": "Over 100000",
    "industry": "45211",
    "region": [
      "019021"
    ],
    "state": "AR",
    "victim_id": "Wal-Mart Stores Inc"
  }
}