{
  "action": {
    "hacking": {
      "variety": [
        "Unknown"
      ], 
      "vector": [
        "Unknown"
      ]
    }, 
    "malware": {
      "variety": [
        "Ransomware"
      ], 
      "vector": [
        "Unknown"
      ]
    }
  }, 
  "actor": {
    "external": {
      "country": [
        "Unknown"
      ], 
      "motive": [
        "Financial"
      ], 
      "region": [
        "000000"
      ], 
      "variety": [
        "Unknown"
      ]
    }
  }, 
  "asset": {
    "assets": [
      {
        "variety": "S - File"
      }
    ]
  }, 
  "attribute": {
    "confidentiality": {
      "data": [
        {
          "variety": "Medical"
        }, 
        {
          "variety": "Personal"
        }
      ], 
      "data_disclosure": "Yes", 
      "data_victim": [
        "Patient"
      ], 
      "state": [
        "Stored"
      ]
    }, 
    "integrity": {
      "variety": [
        "Modify data", 
        "Software installation"
      ]
    }
  }, 
  "discovery_method": "Unknown", 
  "impact": {
    "overall_rating": "Unknown"
  }, 
  "incident_id": "08F207F3-8BC7-4D3D-89A7-3C166FF830FF", 
  "plus": {
    "analysis_status": "Finalized", 
    "analyst": "swidup", 
    "attribute": {
      "confidentiality": {
        "credit_monitoring": "U"
      }
    }, 
    "created": "2016-10-12T02:11:00Z", 
    "dbir_year": 2017, 
    "github": "8439", 
    "master_id": "08F207F3-8BC7-4D3D-89A7-3C166FF830FF", 
    "modified": "2016-10-12T02:11:00Z", 
    "sub_source": "PHIDBR", 
    "timeline": {
      "notification": {
        "month": 9, 
        "year": 2016
      }
    }
  }, 
  "reference": "https://www.databreaches.net/ri-university-gastroenterology-notifies-patients-of-ransomware-attack/; http://turnto10.com/i-team/consumer-advocate/nbc-10-i-team-patient-information-compromised-in-local-data-breach", 
  "schema_version": "1.3", 
  "security_incident": "Confirmed", 
  "source_id": "vcdb", 
  "summary": "University Gastroenterology (\"UGI\") has become aware of a data security incident that may have resulted in the inadvertent exposure of the personal and protected health information of some patients. Although at this time there is no evidence of any attempted or actual misuse of anyone's information as a result of this incident, we have taken steps to notify our patients and provide resources to assist them. On July 11, 2016, we discovered that an unauthorized individual had gained access to an electronic file storage system from a practice we acquired in 2014, Consultants in Gastroenterology, and encrypted several files. We immediately took action to secure our system and conducted an investigation to determine what information was contained in those files. We determined that some files may have contained patient names, addresses, dates of birth, Social Security numbers, and medical billing information. Patients' electronic medical records were not exposed and remain secure.", 
  "timeline": {
    "incident": {
      "month": 7, 
      "year": 2016
    }
  }, 
  "victim": {
    "country": [
      "US"
    ], 
    "employee_count": "Unknown", 
    "industry": "621111", 
    "region": [
      "019021"
    ], 
    "state": "RI", 
    "victim_id": "University Gastroenterology"
  }
}