{
  "action": {
    "error": {
      "variety": [
        "Misdelivery"
      ],
      "vector": [
        "Carelessness"
      ]
    }
  },
  "actor": {
    "internal": {
      "motive": [
        "NA"
      ],
      "variety": [
        "Unknown",
        "End-user"
      ]
    }
  },
  "asset": {
    "assets": [
      {
        "variety": "M - Documents"
      }
    ]
  },
  "attribute": {
    "confidentiality": {
      "data": [
        {
          "amount": 1,
          "variety": "Medical"
        }
      ],
      "data_disclosure": "Yes",
      "data_total": 1,
      "data_victim": [
        "Patient"
      ],
      "state": [
        "Stored unencrypted"
      ]
    }
  },
  "discovery_method": "Ext - customer",
  "impact": {
    "overall_rating": "Unknown"
  },
  "incident_id": "091C4449-F7D2-4378-9A06-641F6EEB272E",
  "plus": {
    "analysis_status": "Finalized",
    "analyst": "Robert-Topper",
    "attribute": {
      "confidentiality": {
        "credit_monitoring": "U"
      }
    },
    "created": "2016-08-31T14:16:00Z",
    "dbir_year": 2015,
    "github": "4554",
    "master_id": "091C4449-F7D2-4378-9A06-641F6EEB272E",
    "modified": "2016-11-14T01:58:00Z",
    "sub_source": "PHIDBR",
    "timeline": {
      "notification": {
        "day": 30,
        "month": 10,
        "year": 2014
      }
    }
  },
  "reference": "http://healthitsecurity.com/2014/10/30/phi-mishandling-montana-va-leads-possible-data-breach/",
  "schema_version": "1.3.1",
  "security_incident": "Confirmed",
  "source_id": "vcdb",
  "summary": "PHI was mailed to the wrong individual",
  "timeline": {
    "incident": {
      "year": 2014
    }
  },
  "victim": {
    "country": [
      "US"
    ],
    "employee_count": "Over 100000",
    "industry": "923120",
    "locations_affected": 1,
    "region": [
      "019021"
    ],
    "state": "MT",
    "victim_id": "Veterans Health Administration"
  }
}