{
  "action": {
    "error": {
      "variety": [
        "Misdelivery"
      ],
      "vector": [
        "Unknown"
      ]
    }
  },
  "actor": {
    "internal": {
      "motive": [
        "NA"
      ],
      "variety": [
        "Unknown",
        "Human resources"
      ]
    }
  },
  "asset": {
    "assets": [
      {
        "variety": "U - Desktop"
      }
    ]
  },
  "attribute": {
    "confidentiality": {
      "data": [
        {
          "variety": "Personal"
        }
      ],
      "data_disclosure": "Yes",
      "data_victim": [
        "Employee"
      ],
      "state": [
        "Stored unencrypted"
      ]
    }
  },
  "discovery_method": "Int - reported by employee",
  "impact": {
    "overall_rating": "Unknown"
  },
  "incident_id": "09221A82-4C8A-4206-8C2C-D1CF48B17DB4",
  "plus": {
    "analysis_status": "Finalized",
    "analyst": "Spitler",
    "attribute": {
      "confidentiality": {
        "credit_monitoring": "U"
      }
    },
    "created": "2016-10-18T13:51:00Z",
    "dbir_year": 2017,
    "github": "8233",
    "master_id": "09221A82-4C8A-4206-8C2C-D1CF48B17DB4",
    "modified": "2016-10-18T14:06:00Z",
    "sub_source": "PHIDBR",
    "timeline": {
      "notification": {
        "day": 6,
        "month": 8,
        "year": 2016
      }
    }
  },
  "reference": "https://www.databreaches.net/nordic-consulting-partners-email-gaffe-exposes-phi/",
  "schema_version": "1.3.1",
  "security_incident": "Confirmed",
  "source_id": "vcdb",
  "summary": "Attachment was included in email with PII of the receipients",
  "timeline": {
    "compromise": {
      "unit": "NA"
    },
    "containment": {
      "unit": "Hours"
    },
    "discovery": {
      "unit": "Minutes"
    },
    "exfiltration": {
      "unit": "NA"
    },
    "incident": {
      "day": 21,
      "month": 7,
      "year": 2016
    }
  },
  "victim": {
    "country": [
      "US"
    ],
    "employee_count": "101 to 1000",
    "industry": "541",
    "region": [
      "019021"
    ],
    "state": "WI",
    "victim_id": "Nordic Consulting Partners, Inc."
  }
}