{
  "action": {
    "hacking": {
      "variety": [
        "Abuse of functionality"
      ],
      "vector": [
        "Web application"
      ]
    }
  },
  "actor": {
    "external": {
      "country": [
        "Unknown"
      ],
      "motive": [
        "Unknown"
      ],
      "region": [
        "000000"
      ],
      "variety": [
        "Unknown"
      ]
    }
  },
  "asset": {
    "assets": [
      {
        "variety": "S - Web application"
      }
    ],
    "governance": [
      "Personally owned"
    ]
  },
  "attribute": {
    "confidentiality": {
      "data": [
        {
          "amount": 13000000,
          "variety": "Credentials"
        },
        {
          "amount": 13000000,
          "variety": "Personal"
        }
      ],
      "data_disclosure": "Yes",
      "data_total": 13000000,
      "data_victim": [
        "Customer"
      ],
      "state": [
        "Stored unencrypted"
      ]
    }
  },
  "discovery_method": "Ext - unknown",
  "discovery_notes": "External Unafiliated",
  "impact": {
    "overall_rating": "Unknown"
  },
  "incident_id": "092E167C-243E-418B-9526-5F7A1679E7EC",
  "plus": {
    "analysis_status": "Finalized",
    "analyst": "swidup",
    "attribute": {
      "confidentiality": {
        "credit_monitoring": "U",
        "data_misuse": "Y"
      }
    },
    "created": "2016-02-07T00:19:00Z",
    "dbir_year": 2016,
    "github": "6626",
    "master_id": "092E167C-243E-418B-9526-5F7A1679E7EC",
    "modified": "2016-02-07T00:19:00Z",
    "timeline": {
      "notification": {
        "month": 11,
        "year": 2015
      }
    }
  },
  "reference": "http://securityaffairs.co/wordpress/41521/cyber-crime/free-web-hosting-000webhost-hacked.html; http://www.computerweekly.com/news/4500256589/000Webhost-blames-PHP-exploit-for-breach-of-135-million-records",
  "schema_version": "1.3.1",
  "security_incident": "Confirmed",
  "source_id": "vcdb",
  "summary": "Unencrypted passwords for a free web hosting firm were on sale for five months before customers were notified their records had been leaked, according to a security researcher  Free web hosting firm 000Webhost has blamed an exploit in an old PHP version of its website for exposing 13.5 million customers' details to hackers.  In addition to failing to ensure that only the latest, most secure versions of software were used for its website, the company also failed to protect customer data and encrypt passwords.  Worse still, the data breach happened around five months ago, according to security researcher Troy Hunter, who first reported the breach in a blog post.  The data, which includes customer names, emails and plaintext passwords, has reportedly been put up for sale on underground markets, giving cyber criminals a big lead.  It is this kind of breach that enables cyber criminals to test usernames and passwords against other sites, which is possibly how hackers gained access to thousands of British Gas and Vodafone accounts.  Hunter, who runs an identity theft service called Have I Been Pwned, said he was tipped off about the breach by an anonymous source.  According to Hunter, 000Webhost has never responded to or acknowledged his warnings or contacted affected customers directly.  However, in a notice published on the company's Facebook page on 29 October, 000Webhost said it became aware of the issue on the 27th of October, when it started working to resolve the issue.  The company said the stolen data included usernames, passwords, email addresses, IP addresses and names, but did spell out that the passwords were not encrypted.  \"We are still working 24/7 to identify and eliminate all security flaws,\" said 000Webhost, adding that it had reset all users' passwords and removed \"illegally uploaded\" pages.  000Webhost also advised all customers to change their passwords and use different passwords for other services.  Independent security consultant Graham Cluley described the lack of encryption \"reckless\".  \"One has to assume that words such as hashing, salting and encryption are not in their dictionary,\" he wrote in a blog post.  Salting refers to the process of adding random nonsense to the password text so that even if two users pick the same password, their password representations end up different. Hashing refers to scrambling the salted password cryptographically.",
  "timeline": {
    "discovery": {
      "unit": "Months",
      "value": 5
    },
    "incident": {
      "year": 2015
    }
  },
  "victim": {
    "country": [
      "US"
    ],
    "employee_count": "Unknown",
    "industry": "518210",
    "region": [
      "019021"
    ],
    "state": "AZ",
    "victim_id": "000Webhost"
  }
}