{
  "action": {
    "physical": {
      "variety": [
        "Theft"
      ],
      "vector": [
        "Unknown"
      ]
    }
  },
  "actor": {
    "external": {
      "country": [
        "Unknown"
      ],
      "motive": [
        "Financial"
      ],
      "region": [
        "000000"
      ],
      "variety": [
        "Unknown"
      ]
    }
  },
  "asset": {
    "assets": [
      {
        "variety": "U - Laptop"
      }
    ]
  },
  "attribute": {
    "availability": {
      "variety": [
        "Loss"
      ]
    },
    "confidentiality": {
      "data": [
        {
          "amount": 4027,
          "variety": "Medical"
        }
      ],
      "data_disclosure": "Potentially",
      "data_total": 4027,
      "data_victim": [
        "Patient"
      ],
      "state": [
        "Stored unencrypted"
      ]
    }
  },
  "discovery_method": "Unknown",
  "impact": {
    "overall_rating": "Unknown"
  },
  "incident_id": "09330487-EDE8-4767-BBF8-9020A08FE4DF",
  "plus": {
    "analysis_status": "First pass",
    "analyst": "swidup",
    "attribute": {
      "confidentiality": {
        "credit_monitoring": "U"
      }
    },
    "created": "2015-07-17T01:06:08Z",
    "master_id": "09330487-EDE8-4767-BBF8-9020A08FE4DF",
    "modified": "2015-07-17T01:06:08Z",
    "timeline": {
      "notification": {
        "year": 2013
      }
    }
  },
  "reference": "https://ocrportal.hhs.gov/ocr/breach/breach_report.jsf",
  "schema_version": "1.3.1",
  "security_incident": "Confirmed",
  "source_id": "vcdb",
  "summary": "theft of a laptop leaves 4027 records exposed.",
  "timeline": {
    "incident": {
      "day": 14,
      "month": 2,
      "year": 2013
    }
  },
  "victim": {
    "country": [
      "US"
    ],
    "employee_count": "101 to 1000",
    "industry": "621610",
    "region": [
      "019021"
    ],
    "state": "MO",
    "victim_id": "HomeCare of Mid-Missouri, Inc."
  }
}