{
  "action": {
    "hacking": {
      "variety": [
        "Use of backdoor or C2"
      ],
      "vector": [
        "Backdoor or C2"
      ]
    },
    "malware": {
      "cve": "CVE-2013-0640,CVE-2013-0641",
      "name": "MiniDuke",
      "notes": "\"Other\" refers to functionality of malware using Twitter to establish C6",
      "variety": [
        "C2",
        "Downloader",
        "Backdoor",
        "Capture stored data",
        "Other",
        "Disable controls",
        "Rootkit"
      ],
      "vector": [
        "Email attachment"
      ]
    },
    "social": {
      "target": [
        "Unknown"
      ],
      "variety": [
        "Phishing"
      ],
      "vector": [
        "Email"
      ]
    }
  },
  "actor": {
    "external": {
      "country": [
        "Unknown"
      ],
      "motive": [
        "Espionage"
      ],
      "region": [
        "000000"
      ],
      "variety": [
        "State-affiliated"
      ]
    }
  },
  "asset": {
    "assets": [
      {
        "variety": "U - Desktop"
      },
      {
        "variety": "S - Unknown"
      },
      {
        "variety": "P - Unknown"
      }
    ]
  },
  "attribute": {
    "confidentiality": {
      "data": [
        {
          "variety": "Internal"
        },
        {
          "variety": "Unknown"
        },
        {
          "variety": "System"
        },
        {
          "variety": "Secrets"
        }
      ],
      "data_disclosure": "Yes"
    },
    "integrity": {
      "variety": [
        "Software installation",
        "Modify configuration",
        "Alter behavior"
      ]
    }
  },
  "campaign_id": "0A74F3BC-4844-4D5F-A350-017A9C81B464",
  "discovery_method": "Ext - suspicious traffic",
  "incident_id": "09390A4C-F45F-47D9-AED8-555A58743A34",
  "plus": {
    "analyst": "kthompson",
    "analyst_notes": "Compiled from public and private info from source",
    "created": "2014-02-17T20:39:14Z",
    "master_id": "09390A4C-F45F-47D9-AED8-555A58743A34",
    "modified": "2014-06-25T20:35:20Z"
  },
  "reference": "http://www.kaspersky.com/about/news/virus/2013/Kaspersky_Lab_Identifies_MiniDuke_a_New_Malicious_Program_Designed_for_Spying_on_Multiple_Government_Entities_and_Institutions_Across_the_World",
  "schema_version": "1.3.1",
  "security_incident": "Confirmed",
  "source_id": "vcdb",
  "summary": "Incident associated with Miniduke campaign.",
  "timeline": {
    "incident": {
      "year": 2013
    }
  },
  "victim": {
    "country": [
      "GE"
    ],
    "employee_count": "Unknown",
    "industry": "922",
    "region": [
      "150151"
    ]
  }
}