{
  "action": {
    "hacking": {
      "variety": [
        "Other"
      ],
      "vector": [
        "Unknown"
      ]
    }
  },
  "actor": {
    "external": {
      "country": [
        "Unknown"
      ],
      "motive": [
        "Fun"
      ],
      "region": [
        "000000"
      ],
      "variety": [
        "Unknown"
      ]
    }
  },
  "asset": {
    "assets": [
      {
        "variety": "U - Unknown"
      }
    ]
  },
  "attribute": {
    "availability": {
      "variety": [
        "Loss"
      ]
    },
    "integrity": {
      "notes": "Defaced Traffic Sign with funny announcement.",
      "variety": [
        "Modify data"
      ]
    }
  },
  "discovery_method": "Ext - actor disclosure",
  "impact": {
    "overall_rating": "Unknown"
  },
  "incident_id": "093AA315-EBB6-47DB-9533-1FFE795D5BD1",
  "plus": {
    "analysis_status": "First pass",
    "analyst": "dhylender",
    "created": "2014-05-18T23:15:00Z",
    "github": "2218",
    "master_id": "093AA315-EBB6-47DB-9533-1FFE795D5BD1",
    "modified": "2014-05-18T23:15:00Z",
    "timeline": {
      "notification": {
        "day": 16,
        "month": 5,
        "year": 2014
      }
    }
  },
  "reference": "http://www.nbcbayarea.com/news/local/Hacked-San-Francisco-Message-Board-Warns-About-Godzilla-Attack-259449961.html?_osource=SocialFlowFB_BAYBrand",
  "schema_version": "1.3.1",
  "security_incident": "Confirmed",
  "source_id": "vcdb",
  "summary": "Someone hacked into an electronic traffic sign on Van Ness Avenue in San Francisco Wednesday, posting alerts that said \"Godzilla Attack\" and \"Turn Back.\"",
  "timeline": {
    "incident": {
      "day": 16,
      "month": 5,
      "year": 2014
    }
  },
  "victim": {
    "country": [
      "US"
    ],
    "employee_count": "1 to 10",
    "industry": "532490",
    "locations_affected": 1,
    "region": [
      "019021"
    ],
    "state": "CA",
    "victim_id": "Pacific Highway Rentals"
  }
}