{
  "action": {
    "physical": {
      "variety": [
        "Theft"
      ],
      "vector": [
        "Unknown"
      ]
    }
  },
  "actor": {
    "external": {
      "country": [
        "Unknown"
      ],
      "motive": [
        "Financial"
      ],
      "region": [
        "000000"
      ],
      "variety": [
        "Unknown"
      ]
    }
  },
  "asset": {
    "assets": [
      {
        "variety": "U - Laptop"
      }
    ]
  },
  "attribute": {
    "availability": {
      "variety": [
        "Loss"
      ]
    },
    "confidentiality": {
      "data": [
        {
          "amount": 694,
          "variety": "Medical"
        }
      ],
      "data_disclosure": "Potentially",
      "data_total": 694,
      "data_victim": [
        "Patient"
      ],
      "state": [
        "Unknown"
      ]
    }
  },
  "discovery_method": "Unknown",
  "impact": {
    "overall_rating": "Unknown"
  },
  "incident_id": "0963BDE2-2BAC-44AD-AC80-66B519A3E48C",
  "plus": {
    "analysis_status": "First pass",
    "analyst": "swidup",
    "attribute": {
      "confidentiality": {
        "credit_monitoring": "U"
      }
    },
    "created": "2015-07-17T22:49:09Z",
    "master_id": "0963BDE2-2BAC-44AD-AC80-66B519A3E48C",
    "modified": "2015-07-17T22:49:09Z",
    "timeline": {
      "notification": {
        "year": 2010
      }
    }
  },
  "reference": "https://ocrportal.hhs.gov/ocr/breach/breach_report.jsf",
  "schema_version": "1.3.1",
  "security_incident": "Confirmed",
  "source_id": "vcdb",
  "summary": "Laptop theft exposes 694 records.",
  "timeline": {
    "incident": {
      "day": 30,
      "month": 7,
      "year": 2010
    }
  },
  "victim": {
    "country": [
      "US"
    ],
    "employee_count": "1001 to 10000",
    "industry": "621111",
    "region": [
      "019021"
    ],
    "state": "TX",
    "victim_id": "Texas Children's Hospital"
  }
}