{
  "action": {
    "social": {
      "target": [
        "Unknown"
      ], 
      "variety": [
        "Phishing"
      ], 
      "vector": [
        "Email"
      ]
    }
  }, 
  "actor": {
    "external": {
      "country": [
        "Unknown"
      ], 
      "motive": [
        "Financial"
      ], 
      "region": [
        "000000"
      ], 
      "variety": [
        "Unknown"
      ]
    }
  }, 
  "asset": {
    "assets": [
      {
        "variety": "U - Desktop"
      }, 
      {
        "variety": "P - Other"
      }
    ], 
    "governance": [
      "Unknown"
    ]
  }, 
  "attribute": {
    "confidentiality": {
      "data": [
        {
          "amount": 2812, 
          "variety": "Personal"
        }
      ], 
      "data_disclosure": "Yes", 
      "data_total": 2812, 
      "data_victim": [
        "Employee"
      ], 
      "state": [
        "Stored"
      ]
    }, 
    "integrity": {
      "variety": [
        "Alter behavior"
      ]
    }
  }, 
  "discovery_method": "Unknown", 
  "impact": {
    "overall_rating": "Unknown"
  }, 
  "incident_id": "096F5CE4-432B-4E1B-8188-C59B7C486434", 
  "plus": {
    "analysis_status": "Finalized", 
    "analyst": "swidup", 
    "attribute": {
      "confidentiality": {
        "credit_monitoring": "U"
      }
    }, 
    "created": "2016-06-01T02:56:00Z", 
    "dbir_year": 2016, 
    "github": "7678", 
    "master_id": "096F5CE4-432B-4E1B-8188-C59B7C486434", 
    "modified": "2016-06-01T02:56:00Z", 
    "sub_source": "", 
    "timeline": {
      "notification": {
        "day": 4, 
        "month": 5, 
        "year": 2015
      }
    }
  }, 
  "reference": "http://www.scmagazine.com/2800-st-agnes-medical-center-workers-compromised-in-w-2-attack/article/494770/; http://www.databreaches.net/kfsn-tv-employees-at-saint-agnes-medical-center-dealing-with-possibility-of-identity-theft/; http://oag.ca.gov/system/files/SAMC%20Data%20Breach%20Notification_0.pdf?", 
  "schema_version": "1.3", 
  "security_incident": "Confirmed", 
  "source_id": "vcdb", 
  "summary": "St. Agnes Medical Center in Fresno, Calif., reported that about 2,800 staffers had their W-2 information compromised by a spearphishing attack earlier this month.  On May 2 a hospital staffer received an email purportedly from St. Agnes CEO Nancy Hollingsworth asking that the employees' 2015 W-2 information be emailed to her. The worker was fooled by the deceptive email and sent the requested information exposing the data.   ", 
  "timeline": {
    "incident": {
      "day": 2, 
      "month": 5, 
      "year": 2015
    }
  }, 
  "victim": {
    "country": [
      "US"
    ], 
    "employee_count": "Unknown", 
    "industry": "622110", 
    "region": [
      "019021"
    ], 
    "state": "CA", 
    "victim_id": "Saint Agnes Medical Center"
  }
}