{
  "action": {
    "physical": {
      "variety": [
        "Theft"
      ],
      "vector": [
        "Victim work area"
      ]
    }
  },
  "actor": {
    "external": {
      "country": [
        "Unknown"
      ],
      "motive": [
        "Financial"
      ],
      "region": [
        "000000"
      ],
      "variety": [
        "Unknown"
      ]
    }
  },
  "asset": {
    "assets": [
      {
        "variety": "U - Laptop"
      }
    ]
  },
  "attribute": {
    "availability": {
      "notes": "Laptop stolen ",
      "variety": [
        "Loss"
      ]
    },
    "confidentiality": {
      "data": [
        {
          "variety": "Unknown"
        }
      ],
      "data_disclosure": "Potentially",
      "data_victim": [
        "Customer"
      ],
      "state": [
        "Stored unencrypted"
      ]
    }
  },
  "discovery_method": "Int - reported by employee",
  "discovery_notes": "Sergeant P K Singh",
  "impact": {
    "overall_rating": "Unknown"
  },
  "incident_id": "098B1311-40C2-4649-BEF7-C0FA30B19679",
  "plus": {
    "analysis_status": "Finalized",
    "analyst": "adam-schwieger",
    "attribute": {
      "confidentiality": {
        "credit_monitoring": "U"
      }
    },
    "created": "2015-04-29T01:44:00Z",
    "dbir_year": 2016,
    "github": "3874",
    "master_id": "098B1311-40C2-4649-BEF7-C0FA30B19679",
    "modified": "2015-04-29T01:44:00Z",
    "timeline": {
      "notification": {
        "day": 19,
        "month": 6,
        "year": 2014
      }
    }
  },
  "reference": "http://timesofindia.indiatimes.com/city/delhi/2-computers-stolen-from-Air-Force-headquarters-vital-data-lost/articleshow/36779612.cms",
  "schema_version": "1.3.1",
  "security_incident": "Confirmed",
  "source_id": "vcdb",
  "summary": "Two laptops were stolen from the Air Force headquarters in New Delhi. The laptops were stolen from the office of a senior official. Investigation is on going.",
  "timeline": {
    "discovery": {
      "unit": "Hours"
    },
    "incident": {
      "day": 18,
      "month": 6,
      "year": 2014
    }
  },
  "victim": {
    "country": [
      "US"
    ],
    "employee_count": "Large",
    "industry": "928110",
    "locations_affected": 1,
    "region": [
      "019021"
    ],
    "state": "IN",
    "victim_id": "United States Airforce"
  }
}