{
  "action": {
    "physical": {
      "variety": [
        "Surveillance"
      ],
      "vector": [
        "Unknown"
      ]
    }
  },
  "actor": {
    "external": {
      "country": [
        "AU"
      ],
      "motive": [
        "Espionage"
      ],
      "region": [
        "009053"
      ],
      "variety": [
        "Nation-state"
      ]
    }
  },
  "asset": {
    "assets": [
      {
        "variety": "P - Unknown"
      }
    ]
  },
  "attribute": {
    "confidentiality": {
      "data": [
        {
          "variety": "Internal"
        }
      ],
      "data_disclosure": "Yes",
      "data_victim": [
        "Other"
      ],
      "state": [
        "Transmitted unencrypted"
      ]
    }
  },
  "discovery_method": "Ext - actor disclosure",
  "impact": {
    "overall_rating": "Unknown"
  },
  "incident_id": "09D7BE5D-23E0-4D19-9396-40FFBB4D9BA1",
  "plus": {
    "analysis_status": "First pass",
    "analyst": "blackfist",
    "attribute": {
      "confidentiality": {
        "credit_monitoring": "U"
      }
    },
    "created": "2014-03-18T15:19:00Z",
    "github": "1786",
    "master_id": "09D7BE5D-23E0-4D19-9396-40FFBB4D9BA1",
    "modified": "2014-03-18T15:19:00Z",
    "timeline": {
      "notification": {
        "month": 11,
        "year": 2013
      }
    }
  },
  "reference": "http://www.abc.net.au/7.30/content/2013/s3900429.htm (20140318);http://www.smh.com.au/federal-politics/political-news/east-timor-repeats-accusations-australia-bugged-leaders-in-timor-sea-resources-talks-20131128-2yazd.html (20140318);http://www.abc.net.au/news/2014-03-17/australia-warns-east-timor-over-maritime-boundaries-case/5324192 (20140318);http://www.theaustralian.com.au/news/world/international-court-of-justice-bans-australia-from-spying-on-east-timor/story-e6frg6so-1226844389340 (20140318)",
  "schema_version": "1.3.1",
  "security_incident": "Confirmed",
  "source_id": "vcdb",
  "summary": "Australia has been accused by East Timor of bugging its offices during trade negotiations and has taken their case to International arbitration. Later, Australia raided the law offices of the firm representing East Timor to seize documents that might reveal the identity of the whistleblower.  That seizure was done legally, but also lends additional credence to the idea that Australia did engage in espionage to gain a strategic advantage during the talks.",
  "timeline": {
    "discovery": {
      "unit": "Years",
      "value": 9
    },
    "incident": {
      "year": 2004
    }
  },
  "victim": {
    "country": [
      "TL"
    ],
    "employee_count": "Unknown",
    "industry": "922",
    "region": [
      "142035"
    ],
    "victim_id": "TL Government of Timor-Leste"
  }
}