{
  "action": {
    "hacking": {
      "variety": [
        "DoS"
      ],
      "vector": [
        "Unknown"
      ]
    }
  },
  "actor": {
    "external": {
      "country": [
        "Unknown"
      ],
      "motive": [
        "Unknown"
      ],
      "region": [
        "000000"
      ],
      "variety": [
        "Unknown"
      ]
    }
  },
  "asset": {
    "assets": [
      {
        "variety": "S - Database"
      }
    ]
  },
  "attribute": {
    "availability": {
      "variety": [
        "Interruption"
      ]
    }
  },
  "discovery_method": "Int - reported by employee",
  "impact": {
    "overall_rating": "Unknown"
  },
  "incident_id": "09DE2624-943D-4751-AD84-51A402B8E920",
  "plus": {
    "analysis_status": "First pass",
    "analyst": "dhylender",
    "created": "2014-05-05T14:04:00Z",
    "github": "905",
    "master_id": "09DE2624-943D-4751-AD84-51A402B8E920",
    "modified": "2014-05-05T14:04:00Z",
    "timeline": {
      "notification": {
        "day": 18,
        "month": 11,
        "year": 2013
      }
    }
  },
  "reference": "http://news.softpedia.com/news/Web-Hosting-Provider-Hetzner-Hit-by-Large-DDOS-Attacks-401121.shtml",
  "schema_version": "1.3.1",
  "security_incident": "Confirmed",
  "source_id": "vcdb",
  "summary": "the systems of Germany-based web hosting provider Hetzner have been hit by a distributed denial-of-service (DDOS) attack.",
  "timeline": {
    "incident": {
      "day": 16,
      "month": 11,
      "year": 2013
    }
  },
  "victim": {
    "country": [
      "DE"
    ],
    "employee_count": "11 to 100",
    "industry": "517110",
    "locations_affected": 1,
    "region": [
      "150155"
    ],
    "victim_id": "Hetzner"
  }
}